weibo_id,nickname,gender,location,follow_num,follower_nun,content,picurl,publish_time,publish_tool,like_num,retweet_num,comment_num,publish_location
KctT2agYV,环球新视界,男,吉林,20000,20234,环球新视界:联合国专家：福岛核污染水排海，最终会影响所有人人民日报2021-04-24日本政府近日决定将福岛第一核电站核污染水排入海中引发多方质疑。联合国三名人权专家也对日方相关决定深表遗憾。联合国有毒物质和人权问题特别报告员马科斯·奥雷拉纳日前接受了央视记者的专访。 联合国专家：福岛核污染水排海，最终会影响所有人在采访中，奥雷拉纳直言，日本试图将125万吨核污染水排入海中，风险无法预估。他说，当前的技术无法确保经过处理的核污染水是安全的。联合国有毒物质和人权问题特别报告员 马科斯·奥雷拉纳：日本说将会对核污染水进行处理，辐射物将会被控制在可接受的国际标准之内。但是处理的过程中，高级液体处理系统存在技术限制，所以无法保证一切能够成功。相关系统不是用于处理碳-14或者放射物氚的，它们将继续留在水中，而且，科学家警告氚的风险可能被低估。所以现在的标准可能不足以提供应有的保护。奥雷拉纳再度呼吁日本政府进行进一步评估，考虑其他方式处理福岛核污染水。联合国有毒物质和人权问题特别报告员 马科斯·奥雷拉纳：人们需要一份详细的环境影响评估报告，包括将核污染置于水罐中直到其不再有放射性。奥雷拉纳表示，亚太地区多国已经表达了抗议和关切，欧美国家却对此保持低调，但最终核污染水影响到的会是所有人。联合国有毒物质和人权问题特别报告员 马科斯·奥雷拉纳：这不仅仅是区域或双边问题，而是整个星球的界限问题，因为公海和太平洋是全世界的。(来源:央视新闻) ,无,2021-04-25 05:57,荣耀V9 我想要的快,8,0,0,无
KctK8t78b,顺势交易,男,河南,214,1483726,顺势交易:#日本东电称核废物储液罐或已泄漏#中国不能再进口日本的海产品了！【#日本东电称核废物储液罐或已泄漏#】4月23日，据日本《朝日新闻》报道，日本东京电力公司发布消息称，福岛第一核电站内存有放射性废弃物的一个储液罐可能已经发生泄漏。3月，东电工作人员曾在储液罐存放区域发现辐射量较大的凝胶状物体。东电怀疑储液罐因锈蚀而导致渗漏。#股票##新浪财经# http://t.cn/A6clTXVs  ,无,2021-04-25 05:35,微博视频号,1,1,1,无
KctrO1zw6,陈_睡不醒,女,江西,234,198,陈_睡不醒:#印度疫情##日本政府正式决定福岛核废水排海##蒙古国草原大火蔓延至中国境内# 凌晨醒来看到这些人都焦虑了。这个世界还能不能好了？  ,无,2021-04-25 04:50,小米MIX2S 全面屏,6,0,0,无
Kctqo0oRb,驴子酱是个脑洞少年哟,男,湖北,744,305,驴子酱是个脑洞少年哟:究竟是我出现了幻听还是蚊子他来自福岛顶着空调&小米驱蚊器&雷达驱蚊液在我头上盘旋火花骑士一起来炸蚊子嘛  原图 ,无,2021-04-25 04:47,iPhone 12 Pro,1,0,0,无
Kct88e0Ff,迈耶东向得见,男,陕西,4392,119,迈耶东向得见:【全球奇闻】福岛核电站核辐射泄漏导致大量蝴蝶物种出现异常。科学家也怀疑其他物种是否发生了变异。研究人员在核泄漏发生后的数周和数月内收集了数百只蝴蝶，发现其中超过10%的蝴蝶翅膀变形。  ,无,2021-04-25 04:02,iPhone客户端,0,0,0,无
KcsSL0SJ8,倪明伟的微博,男,其他,17,198,倪明伟的微博:你们日本的人，认为福岛311地震，是你们日本的人，没有看到福岛的那个云，还是能够引发大的水灾？左，是的  ,无,2021-04-25 03:24,小米8青春版 潮流旗舰,0,0,0,无
KcsQiqIx0,倪明伟的微博,男,其他,17,198,倪明伟的微博:你们日本的人，认为福岛311海啸的水灾，和我的空间能力有关？左，是的  ,无,2021-04-25 03:18,小米8青春版 潮流旗舰,0,0,0,无
KcsNBgjDF,xhjjRedrain2021,男,广东,166,72,xhjjRedrain2021:“狼狈交媾，蛆蝇沆瀣。雪域良棉，诬为灭绝之花；福岛废水，赞作醍醐之饮。虽鲍鱼之肆而不及腐臭也！”  ,无,2021-04-25 03:11,微博 weibo.com,2,0,0,无
KcsNABnmc,倪明伟的微博,男,其他,17,198,倪明伟的微博:怎么一说到异空间，或者说空间能力，你们就认为，311福岛地震的海啸，和我不相关？左，是的  ,无,2021-04-25 03:11,小米8青春版 潮流旗舰,0,0,0,无
KcsLp4cHq,嘉善老顾,男,浙江,3176,356444,嘉善老顾:当年“以华制华”，今天“以华引华”。日本人聪明。#日本要把福岛食材推上奥运会餐桌#  原图 ,无,2021-04-25 03:06,踏遍青山Android,10,3,4,无
KcsFY85hM,是胡洲呀,女,江西,235,225,是胡洲呀:#into1#惨还是熊熊惨，剧本里的工具人，一直给xdz挡枪，皇而不自知的人以前是一个现在一个变两个，鹅还是当初的鹅，恋丑剪辑修音很有一套，张欣尧吴宇恒耽误你歪屁股到福岛了？林墨可赶紧逃  ,无,2021-04-25 02:52,小米6X 拍人更美,202,0,11,无
KcsEcvmQU,建鲆,男,上海,9,110191,建鲆:日本东京电力公司发布消息称，福岛第一核电站内存有放射性废弃物的一个储液罐可能已经发生泄漏，三月东电工作人员曾在储液罐存放区域发现辐射量较大的凝胶状物体，东电怀疑储液罐因锈蚀而导致渗漏。  ,无,2021-04-25 02:48,iPhone 12 Pro Max(海蓝色),0,0,0,无
Kcsy5pxGh,YZ58283473,男,河南,2169,3502,YZ58283473:生在中国是多么的幸运，感谢党感谢政府，我们要珍惜现在的生活。祖国万岁。西边那病毒闹成这样，东边那海里有辐射。。。🙏🙏🙏🙏🙏#印度疫情##日本政府正式决定福岛核废水排海# 南阳  显示地图 [组图共9张] 原图 ,#日本政府正式决定福岛核废水排海#,2021-04-25 02:33,HUAWEI P20,9,0,0,无
KcswqBN7m,爱理i,男,云南,36,241,爱理i:日本福島のお土産放射線飲料水“核宝”素晴らしいですね！！！ 爱理i的微博视频  ,无,2021-04-25 02:29,真我Q2 双5G手机,0,0,0,无
Kcsswhwlm,平安洛宁,男,河南,2488,198688,平安洛宁:日媒：#福岛放射性废弃物或已泄漏#@环球资讯【日媒：#福岛放射性废弃物或已泄漏#】据日本《朝日新闻》23日报道，日本东京电力公司发消息称，福岛第一核电站内存有放射性废弃物的一个储液罐可能已发生泄漏。上月，工作人员曾在储液罐存放区域发现辐射量较大的凝胶状物体。东电怀疑储液罐因锈蚀而导致渗漏。相关储液罐已被移至室内存放。http://t.cn/A6clTXVs ,无,2021-04-25 02:19,微博视频号,1,0,0,无
KcsrIk6kC,老S最爱AD钙,女,其他,120,178,老S最爱AD钙:真是giao了，我正嗑cp上头，忽然看个福岛核泄漏的事，真吐了毁灭吧  ,无,2021-04-25 02:17,iPad客户端,0,0,0,无
KcsrHpLnL,我真的好烦改名字,女,辽宁,164,175,我真的好烦改名字:祝融火星车要到火星了，福岛核废水泄露了，印度疫情爆发了，老特拉福德场外在烧美国国旗，选秀节目的一个个个体们在集体狂欢，而我深夜还在为爱情掉眼泪。不过值得庆幸的是，游泳已经能一口气游出去25米远了。  [组图共4张] 原图 ,无,2021-04-25 02:17,HUAWEI P40 Pro 5G,19,2,6,无
KcspDbg06,倪明伟的微博,男,其他,17,198,倪明伟的微博:你们日本的人，认为，我在广州，在广州的时候，想着福岛那个地方的云会地震，福岛就会地震？左，是的  ,无,2021-04-25 02:12,小米8青春版 潮流旗舰,0,0,0,无
KcsoPyJQq,倪明伟的微博,男,其他,17,198,倪明伟的微博:你们日本的人，在广州的时候，想着福岛那个地方的云会地震，福岛就会地震？左，是的  ,无,2021-04-25 02:10,小米8青春版 潮流旗舰,0,0,0,无
KcsmWhmhE,粉红奥特曼吃葫芦,女,湖南,266,76,粉红奥特曼吃葫芦:救命🆘我看热搜第一是那个INTO1，我以为是日本福岛核废物泄漏的东西连忙点进去，结果是创造营  ,无,2021-04-25 02:05,iPhone客户端,2,0,0,无
KcslI12UY,芦思彤啊,女,黑龙江,40,27,芦思彤啊:#福岛核废物集装箱或已泄露#真是无语  ,无,2021-04-25 02:02,荣耀10 AI变色更潮美,0,0,0,无
KcseFAuHr,摸鱼图图_,女,湖北,189,326,摸鱼图图_:竹内亮本质⬇️向世界宣传中国 ❌向中国宣传福岛 ⭕  原图 ,无,2021-04-25 01:45,荣耀8X,6,0,2,无
Kcse4Db7y,麻酱跟面分开,女,其他,166,10,麻酱跟面分开:#任豪 创造营#福岛快乐水粉丝各一杯，任太君亲情代言  原图 ,无,2021-04-25 01:44,OPPO A92s,149,0,1,无
KcsaFDbK2,遗失了暮色,男,海外,143,500,遗失了暮色:#任豪 创造营#  怎么，任桑是要带领创造瀛里的鬼子和二鬼子一起回家乡福岛喝核废水吗🤗  ,无,2021-04-25 01:35,微博国际版,141,0,6,无
Kcsa6bQWu,平安洛宁,男,河南,2488,198688,平安洛宁:【#日本东电称核废物储液罐或已泄漏#】4月23日，据日本《朝日新闻》报道，日本东京电力公司发布消息称，福岛第一核电站内存有放射性废弃物的一个储液罐可能已经发生泄漏。3月，东电工作人员曾在储液罐存放区域发现辐射量较大的凝胶状物体。东电怀疑储液罐因锈蚀而导致渗漏。CGTN的微博视频  ,无,2021-04-25 01:34,微博视频号,1,1,0,无
Kcs9QuW2l,天酱今天互动队友了吗,女,江苏,322,310,天酱今天互动队友了吗:昨天上网冲浪看到一张图：绯赤艾利欧直播时说了日本废水的话题，说自己就有在吃福岛米。因为她大火之前，因为拮据确实有把福岛米加进愿望单，所以稍微有点相信了。当时的第一想法是：团长可能是因为不了解具体情况。（这个想法有问题，是不对的。会这样想是因为我就是那种遇到冲突第一时间维护朋友的人，任何事情都先往对自己人有利的方向解释）但是这很奇怪，因为她明明是会非常非常注意各种禁忌的人，尤其是在大火以后。想再仔细了解情况的时候，有这张图的微博被删了。今天去B站看了一下，评论区的用户有在辟谣，而且提供了直播地址证明没有说那些话。松了一口气。也庆幸自己没有因为一张图就被带节奏。今天有去仔细确认真是太好了。 ,无,2021-04-25 01:33,Share微博客户端,0,0,6,无
Kcs6PumXy,添酒回灯重开宴_,女,山西,125,44,添酒回灯重开宴_:#印度疫情##福岛核废物集装箱或已泄露##美国支持日本福岛污水入海决定#   简直无语，真的庆幸我是中国人毕竟活在中国每天最大的烦恼就是下顿吃什么和怎么变有钱。看见这样的新闻感觉让我每天学党史写心得都不烦了，还让我觉得就算流程很繁琐但入党也是大学做的最正确的一件事，感谢这些离谱的国家每天都让我在心里默念几遍爱我中华🙏。我不希望几十年后我牙都快掉光了还得带着口罩去外面遛弯儿🙏。 ,无,2021-04-25 01:26,OPPO R15 梦镜版,49,0,3,无
Kcs4xnD2N,是顺毛a,女,江苏,505,193,是顺毛a:尤其在今晚真膈应分享：承认了：日本福岛核泄露，300w吨......小rb是要拉全人类殉他们.....先上车后补票已经瞒不住了 承认了：日本福岛核泄露，300w吨......小rb是要拉全人类殉他们.....先上车后补票已经瞒不住了  原图 ,无,2021-04-25 01:20,iPhone,3,0,0,无
Kcs0YEEIP,sunnysherrysunny,女,江苏,73,102,sunnysherrysunny:xswl 福山润和福岛润出现在同一个cast表里面了  ,无,2021-04-25 01:11,iPhone客户端,0,0,0,无
Kcs0JfzSM,香港经济导报,男,香港,427,24409,香港经济导报:【#日本东电称核废物储液罐或已泄漏# 】4月23日，据日本《朝日新闻》报道，日本东京电力公司发布消息称，福岛第一核电站内存有放射性废弃物的一个储液罐可能已经发生泄漏。3月，东电工作人员曾在储液罐存放区域发现辐射量较大的凝胶状物体。东电怀疑储液罐因锈蚀而导致渗漏。  原图 ,无,2021-04-25 01:11,微博 weibo.com,2,0,0,无
Kcs0ebNpN,大碗海鲜粥,女,上海,148,103,大碗海鲜粥:#福岛核废物储液罐或已泄漏#真是不要脸的国家啊，当初还是蘑菇蛋给少了  ,无,2021-04-25 01:09,HUAWEI P30 Pro,0,0,0,无
KcrZoeHra,yamapipi酱,女,广西,564,563,yamapipi酱:#任豪 创造营#豪太郎怎么还没出发去福岛  ,无,2021-04-25 01:07,HUAWEI P20 Pro,74,0,1,无
KcrYvdH6M,伪精神病人,女,海外,507,196,伪精神病人:为什么我印象里福岛核废水泄漏很久了，鬼子根本就是瞒不下去了才说计划正式倒进海里，事实上已经倒好久了都  ,无,2021-04-25 01:05,iPhone客户端,0,0,0,无
KcrXb8fyq,蔓蔓,女,北京,440,611,蔓蔓:#任豪 创造营# 建议你和没跑路的粉丝在福岛圈地自萌少上热搜 黑名单不够加了  ,无,2021-04-25 01:02,无,60,0,0,无
KcrWJ3Yf7,越0731,男,江苏,185,58,越0731:#任豪 创造营#没去福岛喝废水吗？  ,无,2021-04-25 01:01,Redmi K40 Pro,0,0,0,无
KcrVRjiRp,了了了然CC,女,广东,365,1423,了了了然CC:#福岛核废物储液罐或已泄漏#危及万世啊！！  ,无,2021-04-25 00:59,HUAWEI P40 Pro 5G,0,0,0,无
KcrVeeCpm,爱喝杨枝甘露的小可爱,女,浙江,166,120,爱喝杨枝甘露的小可爱:#福岛核废物储液罐或已泄漏#有小节，无大义🙃  ,无,2021-04-25 00:57,nova7SE 5G你在焦点在,0,0,0,无
KcrUMal02,ARRRR_,女,上海,224,1685,ARRRR_:二鬼子是真的贱汁十足那个移居福岛可以拿日籍的政策 日畜不去了解一下吗 你狗爹特别喜欢你们这种比他们本国人还衷心的东西  ,无,2021-04-25 00:56,iiiiiiiiiiiPhone XS Max,7,0,0,无
KcrTwd36d,简jian隐yi,男,贵州,26,23,简jian隐yi:#任豪 创造营##任豪 创造营#这位太君还没移民去日本呢？核废水还等你去解决呢。真tm是臭不要脸，还买热搜，南极贱畜内部都tm是二鬼子吧。 粉丝这么喜欢空瓶不如一起去福岛帮任太君喝核废水 毕节·织金县  显示地图 ,#任豪 创造营#,2021-04-25 00:53,iQOO 5 超能竞速,0,0,0,无
KcrSdxQdz,白开水不加白开水,女,福建,431,27,白开水不加白开水:#福岛核废物储液罐或已泄漏#卧槽，妈的日本人，什么鬼啊，瞒不住了，就找借口说排废水，别的国家人命就不是人命了吗  ,无,2021-04-25 00:50,nova4e 3200W立体美颜,0,0,0,无
KcrQD6MRR,千山我独行2021,男,海外,92,220,千山我独行2021:我免费围观了 @彼得堡的肥天鹅 的回答，问题价值 1.00 元，快来一起免费围观~ &lt;br /&gt;微博问答:2011年3.11日本大地震已经过去了6年，日本福岛因为核泄漏事件很多村庄已经荒废，野猪泛滥成灾四处横行，日本猎人开始有计划的猎杀野猪，为什么野猪能在核辐射下疯狂繁衍?看  ,无,2021-04-25 00:46,微博 weibo.com,0,0,0,无
KcrQipArL,半死不死啦,男,海外,233,7013,半死不死啦:#福岛核废物储液罐或已泄漏##印度新冠疫情全面失控# 我吐了，中国夹在中间，两边跟有毒一样都疯了吧，夹缝中生存了简直。  原图 ,无,2021-04-25 00:45,诸葛钢铁的Android,111,5,4,无
KcrQewOSD,AsuraPG10,男,澳门,1186,142,AsuraPG10:#任豪 创造营#任豪一郎正在福岛的罩子里喝废水呢  ,无,2021-04-25 00:45,HUAWEI P30 Pro,1,0,0,无
KcrQ2umnQ,蘇嘉訫,女,广东,256,12927,蘇嘉訫:#福岛放射性废弃物或已泄漏#最初，没有人在意这场灾难，这不过是一场灾火，一次旱灾，一个物种的灭绝，一座城市的消失。直到这场灾难和每个人息息相关  ,无,2021-04-25 00:44,无,1,0,0,无
KcrP05wvG,c龚得起张作乐c,女,湖北,151,170,c龚得起张作乐c:#任豪 创造营#任豪出来蹦哒一次我必发一次。请任豪和他不知羞耻的粉丝给福岛从地下建一个罩子，然后一起顶着冲出太阳系，谢谢。  ,无,2021-04-25 00:42,HUAWEI P30,2,0,0,无
KcrNRrZch,君念苏,女,天津,257,98,君念苏:#福岛核废物储液罐或已泄漏#啥？？？？？？？？  ,无,2021-04-25 00:39,荣耀30 Pro 5G,0,0,0,无
KcrN3e5kG,桃気奈要活到22世紀,女,广东,707,168,桃気奈要活到22世紀:#福岛核废物储液罐或已泄漏#？我还能活到22世纪吗  原图 ,无,2021-04-25 00:37,姜姜姜酱Android,2,0,0,无
KcrN2kQpC,暧昧丛生,女,广东,377,189,暧昧丛生:#福岛核废物储液罐或已泄漏#果然是偷偷摸摸地干了这事啊  ,无,2021-04-25 00:37,Android,0,0,0,无
KcrLfu01Z,小梁子大纯子Jay,女,青海,631,778,小梁子大纯子Jay:#福岛核废物储液罐或已泄漏##日本东电称核废物储液罐或已泄漏#还没热搜呢  ,无,2021-04-25 00:33,杰伦的宝贝Android,1,0,0,无
KcrKV5ItV,旧物里的光,女,云南,517,455,旧物里的光:#福岛核废物储液罐或已泄漏#  所以美国可能早就知道，所以一边支持日本排，一边禁止进口。  ,无,2021-04-25 00:32,微博国际版,2,0,0,无
KcrIuF8ds,一直活到死one,男,辽宁,514,566,一直活到死one:日本执意将核污水排海，中企率先反击，日企哀嚎遍野十年前日本东京电力公司的福岛核电站因为自然灾害发生泄漏以后，核废水的处理问题就一直让日本政府很...[米尔军事]  日本执意将核污水排海，中企率先反击，日企哀嚎遍野  原图 ,无,2021-04-25 00:26,米尔军事网站,0,0,0,无
KcrHSiG7y,陈乐玫kmkm,男,其他,280,164,陈乐玫kmkm:若干年后……一对父子站在海边，欣赏着五颜六色的大海。“那是什么？”孩子指着福岛核电站的废墟问道。“那里曾经是核电站，孩子。”父亲拍了拍孩子的头回答道。“那核废料处理好了吗？”孩子又问。“当然处理好了。”父亲拍了拍孩子的第二个头。孩子的五只眼睛同时笑了起来，仿佛对未来充满了希望。“爸爸，今晚我想吃猫肉！”“好的，乖儿子，一会下海给你抓。”……海风一直吹着，落日把父子俩的六张脸映得通红。转自知乎…… http://t.cn/E2P9Ssz 显示地图 ,http://t.cn/E2P9Ssz,2021-04-25 00:24,iPhone客户端,1,0,0,无
KcrGC0tDW,烟雨楼百年孤独,男,浙江,2852,466928,烟雨楼百年孤独:【日媒：#福岛放射性废弃物或已泄漏#】据日本《朝日新闻》23日报道，日本东京电力公司发消息称，福岛第一核电站内存有放射性废弃物的一个储液罐可能已发生泄漏。上月，工作人员曾在储液罐存放区域发现辐射量较大的凝胶状物体。东电怀疑储液罐因锈蚀而导致渗漏。相关储液罐已被移至室内存放。http://t.cn/A6cJzLRu ,无,2021-04-25 00:21,微博视频号,1,0,0,无
KcrFxae1k,门口的监控器坏了,男,北京,76,69,门口的监控器坏了:连存储罐这种低技术都搞不好，还号称能高技术过滤干净核废水？谁信谁是傻子！！！【承认了！日本东电：福岛核废物储液罐或已泄漏 承认了！日本东电：福岛核废物储液罐或已泄漏】  ,无,2021-04-25 00:18,分享按钮,0,0,0,无
KcrFmwUbl,xuguowei0528,男,上海,188,791,xuguowei0528:【澎湃新闻：发现较大辐射量凝胶状物体，东电称福岛核废物储液罐或已泄漏】发现较大辐射量凝胶状物体，东电称福岛核废物储液罐或已泄漏 (分享自@澎湃新闻，澎湃APP下载>>澎湃新闻 )  原图 ,无,2021-04-25 00:18,澎湃新闻应用,0,0,0,无
KcrEG3nEs,奥斯卡胖揍可乐,女,湖北,159,1544,奥斯卡胖揍可乐:鹅你是真头铁啊，支援福岛的环保卫士都敢请，是希望它能罩nm吗？还是缺洗地的？  ,无,2021-04-25 00:16,二花小天使Android,2,0,2,无
KcrEsps9K,倪明伟的微博,男,其他,17,198,倪明伟的微博:西纯矢，你们日本的人，认为，你有横冲直撞的成语，你们日本的人，认为，你和福岛地震不相关，左，是的  ,无,2021-04-25 00:16,小米8青春版 潮流旗舰,0,0,0,无
KcrE76Qvd,法治兴文网,男,四川,166,36650,法治兴文网:【#日本东电称核废物储液罐或已泄漏#】4月23日，据日本《朝日新闻》报道，日本东京电力公司发布消息称，福岛第一核电站内存有放射性废弃物的一个储液罐可能已经发生泄漏。3月，东电工作人员曾在储液罐存放区域发现辐射量较大的凝胶状物体。东电怀疑储液罐因锈蚀而导致渗漏。CGTN的微博视频  ,无,2021-04-25 00:15,iPhone客户端,1,1,0,无
KcrE4seEK,恣衣,女,山东,341,34,恣衣:#任豪 创造营#任太郎记得多喝点福岛水  ,无,2021-04-25 00:15,vivo X27,9,0,0,无
KcrDpaFbD,倪明伟的微博,男,其他,17,198,倪明伟的微博:西纯矢，这个问题，很难？和福岛地震不相关？别的日本人，认为你有这个成语？左，是的  ,无,2021-04-25 00:13,小米8青春版 潮流旗舰,0,0,0,无
KcrDhtxI6,随便765呵呵,男,北京,122,140,随便765呵呵:#任豪 创造营#2021年～那是一个春天～有一位太君～在日本的福岛画了一个圈～  ,无,2021-04-25 00:13,HUAWEI Mate 30 5G,0,0,0,无
KcrCDcUC8,倪明伟的微博,男,其他,17,198,倪明伟的微博:西纯矢，这个问题，很难？有关福岛地震？有没有这个成语，你要想很久？  ,无,2021-04-25 00:11,小米8青春版 潮流旗舰,0,0,0,无
KcrzD7NnS,沈思怡,男,山东,91,587,沈思怡:#日本东电称核废物储液罐或已泄漏#11年福岛就已经发生过一次核泄漏了吧？这是在干什么啊❓又迷惑又无语  ,无,2021-04-25 00:04,无,0,0,1,无
KcryPt53B,大庆网警巡查执法,男,黑龙江,1121,18398,大庆网警巡查执法:【日媒：#福岛放射性废弃物或已泄漏#】据日本《朝日新闻》23日报道，日本东京电力公司发消息称，福岛第一核电站内存有放射性废弃物的一个储液罐可能已发生泄漏。上月，工作人员曾在储液罐存放区域发现辐射量较大的凝胶状物体。东电怀疑储液罐因锈蚀而导致渗漏。相关储液罐已被移至室内存放。http://t.cn/A6clTXVs @CGTN ,无,2021-04-25 00:02,微博视频号,6,3,6,无
KcrxLgF1R,SYLPH_CARLO,女,上海,452,107,SYLPH_CARLO:#任豪 创造营#环境专家兼友好外交和平大师这么闲的吗，福岛大罩子工程不赶吗？  ,无,2021-04-24 23:59,HUAWEI P40 5G,30,1,1,无
KcrwLtYWx,叮铃铃铃铃Zero,女,其他,797,237,叮铃铃铃铃Zero:#任豪 创造营#豪太郎号召大伙去给福岛建防护罩，为什么他粉丝不响应啊？不就是核辐射吗？  ,无,2021-04-24 23:57,vivo X60 蔡司影像,5,0,0,无
KcrvNcazE,月亮遇上小狐狸,女,其他,84,46,月亮遇上小狐狸:#福岛核废物集装箱或已泄露#日本人能不能死了，感觉大事不妙  ,无,2021-04-24 23:54,Android,1,0,0,无
KcrvmjQl4,你有病没病呀,女,河南,143,103,你有病没病呀:#福岛核废物集装箱或已泄露# nmd 想死自己死 别他妈霍霍全人类 说的就是小日本鬼子 靠嫩娘！  ,无,2021-04-24 23:53,iPhone X,3,0,1,无
Kcrv2efTq,你嘎屁刘海,女,海外,580,258,你嘎屁刘海:#任豪 创造营#你怎么还没去福岛  ,无,2021-04-24 23:53,小米6 拍人更美,0,0,0,无
KcruWiy2g,倪明伟的微博,男,其他,17,198,倪明伟的微博:你们日本的人，认为，福岛地震，和我有关？左，是的  ,无,2021-04-24 23:52,小米8青春版 潮流旗舰,0,0,0,无
KcruNtTun,北风夜鹰,男,青海,1237,1632138,北风夜鹰:东电称，福岛放射性废弃物集装箱或已发生泄漏。福岛县知事要求菅义伟为核污水排海担负责任#军事科技# #武器装备# #军事历史全触达#  北风夜鹰的微博视频  ,无,2021-04-24 23:52,微博视频号,2,1,0,无
KcruM0lDy,嵩明发布,女,云南,206,59876,嵩明发布:【承认了！日本东电：#福岛核废物储液罐或已泄漏# 】4月23日，据日本《朝日新闻》报道，日本东京电力公司发布消息称，福岛第一核电站内存有放射性废弃物的一个储液罐可能已经发生泄漏。3月，东电工作人员曾在储液罐存放区域发现辐射量较大的凝胶状物体。东电怀疑储液罐因锈蚀而导致渗漏。（CGTN） http://t.cn/A6clTXVs ,无,2021-04-24 23:52,微博视频号,0,0,0,无
Kcrt9do2S,三十七号宇宙,女,其他,524,611,三十七号宇宙:#福岛核废物集装箱或已泄露#？世 界 末 日  ,无,2021-04-24 23:48,Universe37Android,0,0,0,无
KcrsRuA6m,是Fairy啊ly,女,上海,616,957,是Fairy啊ly:#任豪 创造营##福岛核废物集装箱或已泄露#这俩放一块 真是太有趣了 令人无语 wjjw没人了吗  ,无,2021-04-24 23:47,OPPO超视野全面屏R15,2,0,4,无
Kcrs0ksGj,不读书就完蛋惹,女,福建,720,860,不读书就完蛋惹:#福岛核废物集装箱或已泄露#艹啊！  ,无,2021-04-24 23:45,iPad客户端,0,0,0,无
KcrrR8J2P,平江河撸猫狂魔,女,江苏,142,8,平江河撸猫狂魔:#福岛核废物集装箱或已泄露##创造营成团名单#  原图 ,无,2021-04-24 23:45,HUAWEI Mate 20,0,0,3,无
KcrrqvLLL,周周不想吃饭,女,江苏,220,113,周周不想吃饭:#任豪 创造营#不应该去日本福岛演出吗？  ,无,2021-04-24 23:44,荣耀20,3,0,0,无
Kcrri2gWX,天空不再是,男,贵州,79,46,天空不再是:#福岛核废物集装箱或已泄露#没人关心这个？一帮二鬼子在热搜挂着，夹总恰烂钱死了 tx不要脸的东西也是  ,无,2021-04-24 23:43,先锋5G Android,20,0,1,无
Kcrr9E37a,清和呈宁SM,女,江苏,395,124,清和呈宁SM:#创造营成团名单#鹅死了，这么多日本人就nm无语，外国人一个个的都恶心死了，zzlc都有问题不配在我国捞钱，真是老阴阳人了，吐了，请鬼子滚回日本喝福岛核废水吧！  ,无,2021-04-24 23:43,HUAWEI nova 3i,6,0,3,无
Kcrr67x7b,单眼皮鹿鸭鸭,女,重庆,1484,5254,单眼皮鹿鸭鸭:#福岛核废物集装箱或已泄露#挖槽？  ,无,2021-04-24 23:43,皮单单的Android,0,0,0,无
KcrqrFDoQ,要不要吃个夜宵啊,男,海外,487,351,要不要吃个夜宵啊:#任豪 创造营#他不是应该去日本福岛演出？  ,无,2021-04-24 23:41,HUAWEI Mate30 Pro 5G,3,0,0,无
Kcrq93RVO,兰州西固检察,男,甘肃,749,1954,兰州西固检察:福岛核电站或已泄漏，集装箱外发现放射性凝胶物。#日本东电称核废物储液罐或已泄漏#（看看新闻） 辽宁共青团的微博视频  ,无,2021-04-24 23:41,微博视频号,0,1,0,无
Kcrq93RAN,平江河撸猫狂魔,女,江苏,142,8,平江河撸猫狂魔:#创造营成团名单# 福岛核电站🚬  ,无,2021-04-24 23:41,HUAWEI Mate 20,0,0,1,无
KcrpOlxHB,一口一只哈姆太郎,男,山西,660,1000,一口一只哈姆太郎:#任豪 创造营#太君割割今晚表现针不戳  不愧是大日本帝国天皇即位人  福岛保护罩的缔造者  天纵英才  ,无,2021-04-24 23:40,魅族 17,37,0,1,无
KcrpMlSyq,淘股吧官方微博,女,福建,677,263621,淘股吧官方微博:#淘说说# 【#日本东电称核废物储液罐或已泄漏#】4月23日，据日本《朝日新闻》报道，日本东京电力公司发布消息称，福岛第一核电站内存有放射性废弃物的一个储液罐可能已经发生泄漏。3月，东电工作人员曾在储液罐存放区域发现辐射量较大的凝胶状物体。东电怀疑储液罐因锈蚀而导致渗漏。（@CGTN，TY）http://t.cn/A6clTXVs #创造营成团名单# ,无,2021-04-24 23:40,微博视频号,5,1,1,无
KcrpzxSba,营养不可缺少,男,北京,228,184540,营养不可缺少:#任豪 创造营#这脑子有毛病的咋了又蹦出来了？我还以为他着急忙慌去给日本福岛加个罩去了。  原图 ,无,2021-04-24 23:39,请看置顶！Android,213,0,18,无
Kcrpas2pA,想吃肉的粉兔子,女,其他,139,142,想吃肉的粉兔子:#创造营成团名单#我有一计可救口碑，团里某几个带着自己粉丝和鹅把福岛核废水喝干净，保证全世界赞扬  ,无,2021-04-24 23:38,iPhone客户端,1,0,0,无
KcroRk6kG,蚀心宋鲜森,男,广西,44,248,蚀心宋鲜森:#任豪 创造营# 娱乐圈一点底线都没有了? 鹅，麻烦做个人吧，看到还有人骂他我就放心了，滚去福岛喝快乐水吧。  ,无,2021-04-24 23:37,vivo S5照亮你的美,75,0,2,无
KcronFrgX,日本傻事,女,海外,232,183034,日本傻事:建议多喝点福岛水 ，有助于缓解精日症状。  [组图共3张] 原图 ,无,2021-04-24 23:36,无,493,22,54,无
KcrnvC4IK,闲话两三声,女,其他,156,211,闲话两三声:#任豪 创造营#弟弟们成团这么好的日子！任豪你为了表示庆贺干十八杯福岛快乐水吧！  ,无,2021-04-24 23:34,iPhone客户端,58,0,6,无
KcrlLbwA3,全球最好看的电影,女,香港,5140,1835342,全球最好看的电影:【外交部：#福岛核污染水处置绝非日本家务事#】#赵立坚问核污水没害日本为何不留着#赵立坚强调，日本福岛核污染水处置问题绝不是日本的“家务事”。核污水要是没有公害，日本为什么不自己留着？日本不应对全球海洋生态环境和各国人民的健康安全置之不理，不应将该由自身承担的责任转嫁给全人类。如果日方执意将自身私利凌驾于国际公共利益之上，执意要迈出危险的第一步，日本国内民众不会答应，周边国家不会答应，国际社会也不会答应。日本政府也必将为自己不负责任的行为付出代价，留下历史污点。  http://t.cn/A6cWUQsh ,无,2021-04-24 23:30,微博视频号,0,0,1,无
Kcrk2yk8Y,非典型性冲浪选手,女,海外,66,70,非典型性冲浪选手:#福岛核废物集装箱或已泄漏#麻烦日本人一人一口都喝了好吗  ,无,2021-04-24 23:25,iPhone客户端,2,0,3,无
KcrjMh6x8,虎克的小确幸,女,北京,151,89,虎克的小确幸:#任豪 创造营# 还以为他已经身先粉丝去福岛监督修盖子了，没想到还在中国！希望早日启程，消失在这片陆地  ,无,2021-04-24 23:25,iPhone客户端,11,0,0,无
KcrjHxkGD,目标是早点睡觉,女,其他,55,47,目标是早点睡觉:希望两位日本成员先就福岛向海洋排放核废水一事谢罪  ,无,2021-04-24 23:25,iPhone客户端,0,0,0,无
KcrjvrySr,张艺兴的首席拖拉机,女,其他,86,128,张艺兴的首席拖拉机:#任豪 创造营#这热搜 任豪确定自己还没糊吗 来创造营看自己几个小鬼子爹成没成团吗😁😁😁 福岛水喝完了吗？  ,无,2021-04-24 23:24,iPhone客户端,0,0,0,无
Kcrjn7XCN,张呜呜zz,女,山东,166,198,张呜呜zz:#台湾菠萝收购价格几近崩盘#笑死我了 看到最损的一句话：配福岛水吃上18公斤很难吗  ,无,2021-04-24 23:24,HUAWEI P20,97,0,6,无
Kcrj29ae8,梦里云归于何处,男,海外,115,55,梦里云归于何处:第一次看选秀节目，看tm的🔨，腾讯是日本间谍吗？培养一群二鬼子，选个秀尽出些废物丑比，看得鬼火起，微博还一直不服，不服你滚去日本喝福岛废水，中文都说不顺溜，这个团以后主要是在国外发展吗？  ,无,2021-04-24 23:23,Share微博客户端,0,0,6,无
KcriUcDCZ,芜湖同城,男,安徽,190,45039,芜湖同城:【#日本东电称核废物储液罐或已泄漏#】4月23日，据日本《朝日新闻》报道，日本东京电力公司发布消息称，福岛第一核电站内存有放射性废弃物的一个储液罐可能已经发生泄漏。3月，东电工作人员曾在储液罐存放区域发现辐射量较大的凝胶状物体。东电怀疑储液罐因锈蚀而导致渗漏。http://t.cn/A6clTXVs  http://t.cn/RVONy6G 显示地图 ,http://t.cn/RVONy6G,2021-04-24 23:23,iPhone 12,0,0,0,无
Kcritkkub,好讨厌假惺惺啊,女,其他,528,178,好讨厌假惺惺啊:#福岛核废物储液罐或已泄漏#就讽刺🤗  ,无,2021-04-24 23:22,无,0,0,0,无
Kcrgk17au,Geequeen,男,其他,392,1876,Geequeen:#日本东电称核废物储液罐或已泄漏#能集资买Q🥚吗？想把福岛核电站送到宇宙C位出道  ,无,2021-04-24 23:16,iPhone客户端,4,0,0,无
Kcrg17v72,一树一荫,女,浙江,542,712,一树一荫:#创造营成团名单# 这个团的团综第一站应该是去福岛核电站  ,无,2021-04-24 23:16,无,11,0,2,无
KcrfgaG3U,关掉月亮moon,男,其他,9,2,关掉月亮moon:#任豪 创造营#粉丝还控评内娱第九大奇迹？我看第一大奇迹还差不多，那么多脑瘫的言论内娱除了他还有谁能说的出来，njjc的舞台配不上gg，任豪应该拥有更好的舞台，比如日本政府和福岛核电站iPad 养乐多 可乐 雪碧  ,无,2021-04-24 23:14,Redmi Note 8 Pro四摄,7,0,5,无
Kcree1dDO,吕梁政法,女,其他,44,15638,吕梁政法:【#日本东电称核废物储液罐或已泄漏#】4月23日，据日本《朝日新闻》报道，日本东京电力公司发布消息称，福岛第一核电站内存有放射性废弃物的一个储液罐可能已经发生泄漏。3月，东电工作人员曾在储液罐存放区域发现辐射量较大的凝胶状物体。东电怀疑储液罐因锈蚀而导致渗漏。http://t.cn/A6clTXVs  ,无,2021-04-24 23:11,iPhone客户端,7,0,0,无
Kcre9gkFl,只吃鲣鱼的猫猫,女,其他,440,20,只吃鲣鱼的猫猫:任豪没去日本造石棺吗？刷什么存在感，有这闲工夫带着粉丝去日本福岛吧  ,无,2021-04-24 23:11,iPhone客户端,0,0,0,无
Kcrd82kKs,栀子山茶,女,天津,1124,128,栀子山茶:#福岛核废物集装箱或已泄露#凭什么！凭什么！怎么敢！怎么敢！  ,无,2021-04-24 23:08,OPPO超视野全面屏R15,0,0,0,无
KcrcXtp2o,我今年改昵称吧,女,其他,214,89,我今年改昵称吧:#福岛核废物集装箱或已泄漏#废物，不愧是你。所以，废物你们可以自己喝下去吗？别嚯嚯别人好吗？  ,无,2021-04-24 23:08,荣耀20,0,0,0,无
KcrcIEEvp,_-Crrrr,女,北京,815,483,_-Crrrr:#任豪 创造营#我以为他在福岛喝海水ing 深圳  显示地图 ,#任豪 创造营#,2021-04-24 23:07,iPhone客户端,48,0,4,无
KcrcGAxui,亦鹿随韬,男,其他,266,21,亦鹿随韬:#台湾菠萝收购价格几近崩盘#看来台湾孩子一天18公斤有点难啊，我觉得配点福岛水应该好一点  ,无,2021-04-24 23:07,OPPO K3 硬核少年,120,0,3,无
KcrbI18GH,aliangliangaaaaa,女,其他,60,64,aliangliangaaaaa:#福岛核废物集装箱或已泄漏#尼玛，跟今晚的热搜第一放一起看，就好讽刺啊  ,无,2021-04-24 23:05,Android,0,0,0,无
Kcrbd1KMY,Xin-A貓,女,广东,484,635,Xin-A貓:#中国女排明日前往东京#咱们菇凉是冒多大风险去小日本比赛啊……前有新冠后有福岛核污染食物一定要平平安安去比赛平平安安的回来哇  ,无,2021-04-24 23:04,黑金小饭勺iPhone客户端,14,1,1,无
Kcrb9qCOm,ghs的小小子,女,四川,1065,67,ghs的小小子:#任豪 创造营#恶心的要死，服了，这种臭渣子还敢出来买热搜洗白，这任豪还不带着你的nc粉福岛喝废水  ,无,2021-04-24 23:04,Note 9 Pro 一亿像素,15,0,0,无
KcrakDfdH,莴苣gulugulu,女,其他,968,137,莴苣gulugulu:#创造营成团名单#那些为倒废水的日本人而到处狙中国弟弟的某些粉丝，你们敢不敢喝一杯福岛的废水  ,无,2021-04-24 23:02,Android,4,0,0,无
Kcr9TaBTT,河南共青团,男,河南,922,1506926,河南共青团:福岛核电站或已泄漏，集装箱外发现放射性凝胶物。#日本东电称核废物储液罐或已泄漏#（看看新闻） 河南共青团的微博视频  ,无,2021-04-24 23:00,微博视频号,26,2,6,无
Kcr9O717F,独行骑士·Lwf,男,江苏,20000,18718,独行骑士·Lwf:日本东电：福岛核废物储液罐或已泄漏http://t.cn/A6clmiIt  原图 ,无,2021-04-24 23:00,人民日报客户端,2,1,0,无
Kcr9y9Bgc,爱蕊不悔,男,其他,969,2138,爱蕊不悔:#中国女排明日前往东京# 疫情➕辐射➕福岛食物姑娘们注意防护安全最重要！！！  原图 ,无,2021-04-24 23:00,iPhone客户端,0,0,2,无
Kcr98ulbs,滄海一粟理查德,男,天津,64,47,滄海一粟理查德:有容乃大就完事了嗷#如何看待日本福岛核废水排海#  原图 ,无,2021-04-24 22:59,Android,0,0,0,无
Kcr7ImyLG,姜七月ovo,女,黑龙江,685,173,姜七月ovo:鹅你死了，团名改名叫鬼子团吧，二鬼子唯爱台独鬼子，有的人吃着中国饭梗着脖子要尊重，真是给你这丑货脸了，不把你骂回福岛抢救核泄漏我不是中国人  原图 ,无,2021-04-24 22:55,iQOO Z1 5G性能先锋,3,0,0,无
Kcr7uxC2b,新闻晨报,男,上海,1075,37674865,新闻晨报:【#日本东电称核废物储液罐或已泄漏#】4月23日，据日本《朝日新闻》报道，日本东京电力公司发布消息称，福岛第一核电站内存有放射性废弃物的一个储液罐可能已经发生泄漏。3月，东电工作人员曾在储液罐存放区域发现辐射量较大的凝胶状物体。东电怀疑储液罐因锈蚀而导致渗漏。@CGTN CGTN的微博视频  ,无,2021-04-24 22:55,微博视频号,27,11,11,无
Kcr7bBMKW,柾泰的小天使,女,四川,2942,406,柾泰的小天使:#福岛核废物储液罐或已泄漏#该死的小日本人！md  ,无,2021-04-24 22:54,iPhone 8 Plus,0,0,0,无
Kcr6mbWmB,环球奇谈,男,广东,163,292657,环球奇谈:#军事新闻# 果然没有达到排放标准，福岛县海产品查出放射性物质，被禁止上市#日本军事##环球奇谈# 近期日本福岛核电站向海洋排放核污水的事件成为世界关注的焦点问题，毕竟日本核污水并没有经过世界核污水排放标准的公开检测，是否达标依然值得怀疑，这也给周围邻国带来了很大的负担。换句话说，如果日本核污水不达标，其余国家在利用海水时还需要建造专门的净化设备，直至所有放射性元素全部被处理干净，才能投入使用。日本和美国在多次发表中，公开表示福岛核电站的污水是绝对安全的，这种单方面的证实确实难以博取全球的认可。韩国等国家在发言中表示，支持达到净化标准的日本核污水排放，但在没有得到测试印证之前，此举显然是有违世界规则的。那么福岛核污水真的达到排放标准了吗？下面一则信息可能会完全揭露答案。据报道，日本在近期宣布，因被检测出放射性物质超标，福岛县海域的黑鲉被禁止上市。要知道在日本将污水排海前，福岛县海域的海产品上市限制是被全面解除的。然而现在又打破自己的解除限制决定，从客观角度来看，福岛核电站的核污水根本没有达到排放的标准。而且就在今年日本对核污水的净化效果来看，核污水在到达邻国近海时，也未必会被完全稀释，也就是说危险系数非常的高。其实在今年年初，日本先后检测出福岛县海域的海产品放射性元素超标的事实。在本月打捞上来的黑鲉体内被检测出270贝克勒尔放射性物质。人类对辐射量的承受度非常有限，只要超过2希沃特后，如果得不到及时抢救，或许就会面临丢掉生命的危险。日本是禁止了周围海域海产品的上市，但海水的污染已成为既定事实，那么对他国的影响谁来买单？结合所有福岛核电站的消息来看，现在有理由相信日本在去年解除福岛县海产品上市的决定似乎是早有预谋，目的也许就是说服世界让其将污水排海。而美国在此次事件中也起到了推波助澜的作用，总而言之，两国该行为纯属“欺骗”。当污水排放开始后，日本又恢复了海产品的上市，此行为又会作何解释？相比日本定会避而不谈。 [组图共4张] 原图 ,无,2021-04-24 22:52,军事博主Android,2,0,7,无
Kcr4Y9lwl,武侯人社局,男,四川,1419,26334,武侯人社局:【#日本东电称核废物储液罐或已泄漏#】4月23日，据日本《朝日新闻》报道，日本东京电力公司发布消息称，福岛第一核电站内存有放射性废弃物的一个储液罐可能已经发生泄漏。3月，东电工作人员曾在储液罐存放区域发现辐射量较大的凝胶状物体。东电怀疑储液罐因锈蚀而导致渗漏。http://t.cn/A6clTXVs  ,无,2021-04-24 22:48,微博视频号,0,0,0,无
Kcr4O9QqS,不如叫你奇异果,女,海外,289,450,不如叫你奇异果:#福岛放射性废弃物或已泄漏#就突然想起白夜行  原图 ,无,2021-04-24 22:48,iPhone 11,0,0,0,无
Kcr4200W8,一直-不说-永远de牛牛,女,河南,290,811,一直-不说-永远de牛牛:#福岛核废物储液罐或已泄漏#是不是可以不用努力了，指不定哪天就一起毁灭了。🙂  ,无,2021-04-24 22:46,HUAWEI Mate 30 5G,0,0,0,无
Kcr06bXJG,三亚广播电视台,男,海南,827,57455,三亚广播电视台:#三亚头条发布# 【90后插画师作品疯传！Diss核污水入海，这些细节亮了！】近日，日本决定将福岛核污染水排入大海一事引发众怒。4月20日，一名90后插画师创作的画《神奈氚冲浪裏》在网络走红！详情：http://t.cn/A6clemiq  原图 ,无,2021-04-24 22:36,360安全浏览器,0,0,0,无
KcqXNuFXs,福布斯中文网,男,上海,555,2153760,福布斯中文网:【#日本东电称核废物储液罐或已泄漏#】4月23日，据日本《朝日新闻》报道，日本东京电力公司发布消息称，福岛第一核电站内存有放射性废弃物的一个储液罐可能已经发生泄漏。3月，东电工作人员曾在储液罐存放区域发现辐射量较大的凝胶状物体。东电怀疑储液罐因锈蚀而导致渗漏。（人民日报）http://t.cn/A6clTXVs ,无,2021-04-24 22:31,微博视频号,19,7,10,无
KcqXlDB1U,围巾的执著,女,湖南,798,290,围巾的执著:#福岛核废物集装箱或已泄漏#什么都不足以表达我的愤怒😠😠😠  ,无,2021-04-24 22:30,HUAWEI Mate 9,0,0,0,无
KcqX932zk,一棵孤独的银杏树,女,辽宁,170,363,一棵孤独的银杏树:#福岛放射性废弃物或已泄漏#对日本说任何脏话都不为过，因为日本是宇宙最脏  ,无,2021-04-24 22:29,HUAWEI P30 Pro,0,0,0,无
KcqWvEiWS,一枚军粉,男,四川,809,3459749,一枚军粉:【#日本东电称核废物储液罐或已泄漏#】4月23日，据日本《朝日新闻》报道，日本东京电力公司发布消息称，福岛第一核电站内存有放射性废弃物的一个储液罐可能已经发生泄漏。3月，东电工作人员曾在储液罐存放区域发现辐射量较大的凝胶状物体。东电怀疑储液罐因锈蚀而导致渗漏。（人民日报）http://t.cn/A6clTXVs ,无,2021-04-24 22:28,微博视频号,8,0,5,无
KcqW06PRz,张忆安-龙战于野,男,北京,1039,639179,张忆安-龙战于野:4月23日，日本东京电力公司发布消息称，福岛第一核电站内存有放射性废弃物的一个储液罐可能已经发生泄漏。3月，东电工作人员曾在储液罐存放区域发现辐射量较大的凝胶状物体。东电怀疑储液罐因锈蚀而导致渗漏。这个不是冷却用的核污水！是放射性废弃物的储液罐！不管小日本儿怎么不靠谱，冷却用的核污水多少也是经过处理的。而这个储液罐里的核废弃物到底是什么，里边到底有什么辐射废弃物，辐射强度到底多大……这些问题鬼才知道。福岛海域的鱼都已经辐射超标了，日本到底往海里排放过多少废水，又有多少辐射废弃物在日本人都不知道的情况下泄漏？我觉得除非小日本儿灭亡，否则可能永远搞不清楚了。但对日本来说，这也许不过又是鞠个躬的事。日本人如果活腻歪了，难道不能只解决自己，不连累别人吗？#张忆安[超话]# 原图 ,无,2021-04-24 22:26,张忆安超话,15,3,5,无
KcqUebq6C,栎阳寿,男,浙江,383,201,栎阳寿:外交部：福岛核污染水处置问题绝不是日本家务事 http://t.cn/A6cWthGL  原图 ,无,2021-04-24 22:22,学习强国客户端,0,0,0,无
KcqThFPAw,网易财经,男,北京,991,3658453,网易财经:【韩国联合中美洲8国发表声明：对日本排核废水排海深表担忧】当地时间22日，韩国和中美洲8国副外长在哥斯达黎加共同出席韩国与中美洲一体化体系（SICA）副外长会议，会后与会国发表联合声明，对日本福岛核废水排海决定深表担忧。据韩联社23日报道，韩国外交部表示，声明对核废水排海将带来的后果深表担忧，并强调国际社会应共同应对太平洋地区海洋污染的必要性。韩国外交部指出，这是在韩国政府的主导下，高级多边机构首次对日方排放核废水入海的决定表示担忧并呼吁共同应对，同时是太平洋沿岸非亚洲国家联合发声，十分有意义。韩国副外长崔钟建还在会上表示，国际社会需要基于确保太平洋沿岸国家国民的健康安全，以及保护海洋环境的首要原则，要求相关方严格检查核废水处理是否安全。（海外网） 原图 ,无,2021-04-24 22:20,微博 weibo.com,8,2,2,无
KcqSSvAiP,中国侨网,男,北京,1023,915018,中国侨网:#赵立坚问核污水没害日本为何不留着#【#赵立坚说日本不能再继续装聋作哑#】4月23日，外交部发言人赵立坚表示，日方必须诚恳面对国内外这些质疑和反对，不能再继续装聋作哑。日本福岛核污染水处置问题绝不是日本的家务事，核污水要是没有公害，日本为什么不自己留着？如果日方执意将自身私利凌驾于国际公共利益之上，执意要迈出危险的第一步，日本国内民众不会答应，周边国家不会答应，国际社会也不会答应，日本政府也必将为自己不负责任的行为付出代价，留下历史污点。@人民视频 http://t.cn/A6cWUQsh ,无,2021-04-24 22:19,微博视频号,6,1,2,无
KcqS89kFh,交通954,男,海南,285,42620,交通954:【承认了！日本东电：#福岛核废物储液罐或已泄漏# 】4月23日，据日本《朝日新闻》报道，日本东京电力公司发布消息称，福岛第一核电站内存有放射性废弃物的一个储液罐可能已经发生泄漏。3月，东电工作人员曾在储液罐存放区域发现辐射量较大的凝胶状物体。东电怀疑储液罐因锈蚀而导致渗漏。（CGTN）  ,无,2021-04-24 22:17,iPhone客户端,0,0,0,无
KcqPNmQZ7,四合院G,男,北京,132,103,四合院G:承认了！日本东电：福岛核废物储液罐或已泄漏|核电站_网易财经 日本东电称核废物储液罐或已泄漏 承认了！日本东电：福岛核废物储液罐或已泄漏 （分享自 @网易财经）  ,无,2021-04-24 22:11,分享按钮,1,0,0,无
KcqPeaUZf,环球时报,男,北京,721,29243757,环球时报:【承认了！日本东电：#福岛核废物储液罐或已泄漏# 】4月23日，据日本《朝日新闻》报道，日本东京电力公司发布消息称，福岛第一核电站内存有放射性废弃物的一个储液罐可能已经发生泄漏。3月，东电工作人员曾在储液罐存放区域发现辐射量较大的凝胶状物体。东电怀疑储液罐因锈蚀而导致渗漏。（CGTN） http://t.cn/A6clTXVs ,无,2021-04-24 22:10,微博视频号,909,157,174,无
KcqOqxiZn,赣州发布,男,江西,524,118992,赣州发布:【韩国联合中美洲8国发表声明：对日本排核废水排海深表担忧】当地时间22日，韩国和中美洲8国副外长在哥斯达黎加共同出席韩国与中美洲一体化体系（SICA）副外长会议，会后与会国发表联合声明，对日本福岛核废水排海决定深表担忧。http://t.cn/A6clNAxw  ,无,2021-04-24 22:08,360安全浏览器,0,0,0,无
KcqNOaQIR,不识花名_但闻花香,男,浙江,76,96,不识花名_但闻花香:#日本政府正式决定福岛核废水排海# 这不应该是一个国家就能决定的事，事关整个环太平洋国家，甚至整个世界，应该多方磋商进行解决  ,无,2021-04-24 22:06,新版微博 weibo.com,0,0,0,无
KcqNMAsF8,辽宁共青团,男,辽宁,328,1809903,辽宁共青团:福岛核电站或已泄漏，集装箱外发现放射性凝胶物。#日本东电称核废物储液罐或已泄漏#（看看新闻） 辽宁共青团的微博视频  ,无,2021-04-24 22:06,微博视频号,108,17,8,无
KcqNBnXaR,京彩台湾,男,北京,91,561940,"京彩台湾:#蓝委炮轰台当局养这些官员干什么#【台当局不敢管“助日代表”？“蓝委”忍无可忍炮轰：养你们官员干什么】日本决定福岛核电站核污染水将在2年后排放入大海，台湾“驻日代表”谢长廷公开为日本辩解, 日前发文称“我们也有三座核能电厂的废水也是排放入海”。对此，国民党“立委”李贵敏21日质询时怒呛台外事部门和“原子能委员会”官员“养你们这些官员干什么？”@环球时报 @海客新闻 http://t.cn/A6c0W28W ",无,2021-04-24 22:06,微博视频号,2,0,0,无
KcqLartbA,钱江晚报,男,浙江,447,6824554,钱江晚报:【日媒：#福岛放射性废弃物或已泄漏#】据日本《朝日新闻》23日报道，日本东京电力公司发消息称，福岛第一核电站内存有放射性废弃物的一个储液罐可能已发生泄漏。上月，工作人员曾在储液罐存放区域发现辐射量较大的凝胶状物体。东电怀疑储液罐因锈蚀而导致渗漏。相关储液罐已被移至室内存放。 http://t.cn/A6clTXVs ,无,2021-04-24 22:00,微博视频号,3,6,2,无
KcqLan4iY,中国经营报,男,北京,1292,28827560,中国经营报:【#日本东电称核废物储液罐或已泄漏#】4月23日，据日本《朝日新闻》报道，日本东京电力公司发布消息称，福岛第一核电站内存有放射性废弃物的一个储液罐可能已经发生泄漏。3月，东电工作人员曾在储液罐存放区域发现辐射量较大的凝胶状物体。东电怀疑储液罐因锈蚀而导致渗漏。CGTN的微博视频  ,无,2021-04-24 22:00,微博视频号,17,5,2,无
KcqJ8yCyg,扬子晚报,男,江苏,1786,18429970,扬子晚报:【日媒：#福岛放射性废弃物或已泄漏#】据日本《朝日新闻》23日报道，日本东京电力公司发消息称，福岛第一核电站内存有放射性废弃物的一个储液罐可能已发生泄漏。上月，工作人员曾在储液罐存放区域发现辐射量较大的凝胶状物体。东电怀疑储液罐因锈蚀而导致渗漏。相关储液罐已被移至室内存放。@CGTN http://t.cn/A6clTXVs ,无,2021-04-24 21:55,微博视频号,2,1,1,无
KcqGgmHX4,娱人娱我,女,安徽,110,45,娱人娱我:20210424近日，日本宣布：311地震致福岛核电站的核废水将向大海排放引起世界公愤。日本一贯缺德成性，让世界和子孙承担他们犯下的罪行，只见普通百姓愤慨，不见专家发声。希望专家，特别是核专家，如核民用，核生态，核医学等从专业角度批判日本的罪恶行径。 合肥·加侨悦山国际  显示地图 [组图共3张] 原图 ,无,2021-04-24 21:47,HUAWEI P40 5G,1,0,0,无
KcqF54O16,香港中通社,男,香港,402,718073,【又要抹黑中國？白宮高官稱美將在G7峰會上敦促盟友就所謂“强迫勞動”對華采取行動，網友看穿】美國又準備拉攏盟友來炒作涉疆問題？據路透社報道，當地時間4月23日，美國總統拜登的副國家安全顧問兼國家經濟委員會副主任辛格（Daleep Singh）表示，美國將敦促G7盟友就所謂新疆“强迫勞動”加强對中國施壓。報道稱，辛格表示，在英國康沃爾郡舉行的G7峰會將集中討論衛生安全、應對新冠疫情的同步經濟響應、應對氣候變化的具體行動，以及“提升G7內部共同的民主價值觀”。路透社介紹稱，白宮當地時間23日表示，拜登將于6月前往英國和比利時，這是他上任以來的首次海外訪問。期間，他將參加6月11日至13日在英國康沃爾舉行的G7峰會。辛格宣稱，美國已就所謂“侵犯人權”對中國采取了强有力的措施，而且還將尋求與G7盟友擴大這一努力。辛格透露，會議之前，相關細節仍在敲定，但這場會議爲美國的盟友提供了一個在該問題上彰顯團結的機會。他說，美國期待G7采取明確的做法，“提升我們作為民主國家所共有的價值觀，這些價值觀當然（也）適用于新疆正在發生的事情。”這番表態很快引發外界關注，也在社交媒體上掀起討論。不過，不少外國網友對此並不認同。一位網友直截了當地表示，“根本就沒有强迫勞動。這只是一場政治誹謗，就像（美國說伊拉克有）大規模殺傷性武器一樣。這可能會讓一些人感到震驚，但美國說的是謊言。”也有網友諷刺稱，“西方用炸彈和戰爭來鎮壓恐怖分子。而中國則通過再教育和包容（的方式）來處理這些問題。這兩個中哪一個更有人情味，哪一個更成功？現在西方竟然厚顔無耻地指責中國侵犯人權？”也有網友對于美國一次又一次這樣的抹黑表示無奈。有網友寫道：“當真相還在穿鞋子的時候，謊言已經走遍了半個世界。時間會證明一切，你們欺騙了整個世界。”#美国支持日本福岛污水入海决定# #美式人权民主极度虚伪# #赵立坚历数美国涉人权问题五宗罪#                  原图                             ,无,2021-04-24 21:45,微博 weibo.com,141,23,33,无
KcqF1y2W0,井中天空中云,男,北京,2289,1858,井中天空中云:《韩国联合中美洲8国发表声明：深表担忧！》当地时间22日，韩国和中美洲8国副外长在哥斯达黎加共同出席韩国与中美洲一体化体系副外长会议，会后与会国发表联合声明，对日本福岛核废水排海决定深表担忧。http://t.cn/A6cl3DfQ  原图 ,无,2021-04-24 21:44,百度App,0,0,0,无
KcqEU7H2U,21世纪经济报道,男,广东,803,21306938,【承认了！日本东电：#福岛核废物储液罐或已泄漏# 】4月23日，据日本《朝日新闻》报道，日本东京电力公司发布消息称，福岛第一核电站内存有放射性废弃物的一个储液罐可能已经发生泄漏。3月，东电工作人员曾在储液罐存放区域发现辐射量较大的凝胶状物体。东电怀疑储液罐因锈蚀而导致渗漏。（CGTN） CGTN的微博视频                                 ,无,2021-04-24 21:44,微博视频号,52,14,11,无
KcqDAgyaG,韩宇杉,女,湖北,99,613,韩宇杉:日本到底承受什么经济压力，要做这种类似大家一起完蛋的行为？他在威胁哪些利益？？每天看到#日本政府正式决定福岛核废水排海# 的消息，就头皮发麻！！！！！  ,无,2021-04-24 21:41,iPhone客户端,2,0,0,无
KcqBsdHpz,椰奶味熊猫,男,其他,552,573981,椰奶味熊猫:看了《美味大挑战》104卷，再看看福岛的骚操作，我严重怀疑东京丰州市场的污染问题根本就没有彻底解决  ,无,2021-04-24 21:36,iPhone客户端,0,0,0,无
KcqAyoXaR,车报导,男,浙江,3031,1130591,外交部：福岛核污染水处置绝非日本家务事，核污水要是没有公害，日本为什么不自己留着？赵立坚说澳大利亚装成受害者十分可笑。英国议会下院通过所谓“涉疆动议”，中国驻英使馆谴责。比利时法语区议会通过所谓“涉疆决议”，驻比利时使馆谴责。联合国报告员敦促日本就处置核污染水进行国际协商。美网站仗义执言讲述新疆事实真相，赵立坚为有关媒体作者点赞。                                 ,无,2021-04-24 21:33,iPhone 8 Plus,0,0,0,无
KcqzyA3dq,义勇军-大灰狼和平,男,上海,3330,4061,《90后插画师作品疯传！Diss核污水入海 这些细节亮了》       90后插画师作品疯传！Diss核污水入海，这些细节亮了！　　　近日，日本决定将福岛核污染水排入大海一事引发众怒。　　4月20日，一名90后插画师创作的画《神奈氚冲浪裏》在网络走红！       画作的细节满满：　　白色海浪犹如　　人类畸形的手指、扭曲的婴儿、　　变异的海洋生物、　　在海浪中苦苦挣扎       一边身穿防护服的人往大海里倒着　　带有放射性物质的核污染水　　另一边“打着领带”“头发谢顶”的　　中年男人90度鞠躬道歉……      富士山变成核反应堆的烟囱　　天空中的云朵变成　　象征坟墓的十字架……　　图中还有更多细节发人深思　　记者从作者@一个热爱学习的男孩 处了解到，这幅画“灵感”来自日本画家葛饰北斋的一幅彩色浮世绘版画作品《神奈川冲浪里》，原画作描绘的是英勇的船工们正为了生存而与大自然进行着惊险而激烈的搏斗，表达了人们乘风破浪、勇往直前的大无畏精神。　　作者的这一改编，可以说是对日本排放核污染水做法满满的讽刺。  90后插画师作品疯传！Di                                 ,无,2021-04-24 21:31,分享按钮,2,1,0,无
Kcqzc7Irq,柳-枝,女,广东,840,1038,柳-枝:海鱼也不敢吃了，还有什么可以吃的😱😱😱【环球网】4月23日，据日本《朝日新闻》报道，日本东京电力公司发布消息称，福岛第一核电站内存有放射性 承认了! 日本东电: 福岛核废物储液罐或已泄漏 http://t.cn/A6cl3hZt  原图 ,无,2021-04-24 21:30,UC浏览器Android,0,0,0,无
Kcqz2mxXq,QD骨医堂,男,山东,924,563,QD骨医堂:日本东电：#福岛核废物储液罐或已泄漏# 】财联社4月24日讯，4月23日，据日本《朝日新闻》报道，日本东京电力公司发布消息称，福岛第一核电站内存有放射性废弃物的一个储液罐可能已经发生泄漏。@央视新闻 @头条新闻 @中国新闻网 @北京晚报 小日本就是杂种  ,无,2021-04-24 21:30,HUAWEI nova 3i,2,0,0,无
KcqyDetzS,我就要点灯,男,河北,3058,1313,我就要点灯:又又切克闹2：日本福岛核污水排海，美国各界怎么看？ http://t.cn/A6cl7a5R  ,无,2021-04-24 21:29,分享按钮,0,0,0,无
Kcqylhnzy,微天下,男,北京,1183,30096313,微天下:【#日本东电称核废物储液罐或已泄漏#】4月23日，据日本《朝日新闻》报道，日本东京电力公司发布消息称，福岛第一核电站内存有放射性废弃物的一个储液罐可能已经发生泄漏。3月，东电工作人员曾在储液罐存放区域发现辐射量较大的凝胶状物体。东电怀疑储液罐因锈蚀而导致渗漏。CGTN的微博视频 @CGTN  ,无,2021-04-24 21:28,微博视频号,91,20,37,无
Kcqyk7EoQ,新华播报肖华,男,北京,427,1172003,新华播报肖华:【韩国联合中美洲8国发表声明：对日本排核废水排海深表担忧】当地时间22日，韩国和中美洲8国副外长在哥斯达黎加共同出席韩国与中美洲一体化体系（SICA）副外长会议，会后与会国发表联合声明，对日本福岛核废水排海决定深表担忧。据韩联社23日报道，韩国外交部表示，声明对核废水排海将带来的后果深表担忧，并强调国际社会应共同应对太平洋地区海洋污染的必要性。韩国外交部指出，这是在韩国政府的主导下，高级多边机构首次对日方排放核废水入海的决定表示担忧并呼吁共同应对，同时是太平洋沿岸非亚洲国家联合发声，十分有意义。韩国副外长崔钟建还在会上表示，国际社会需要基于确保太平洋沿岸国家国民的健康安全，以及保护海洋环境的首要原则，要求相关方严格检查核废水处理是否安全。（海外网） 原图 ,无,2021-04-24 21:28,日出东方Android,0,0,0,无
KcqyaCX0E,辰龙军事,男,陕西,370,729088,辰龙军事:【把放射性氚拟化成可爱吉祥物，日当局为何一再自欺欺人？】近日，日本向太平洋排放福岛核电站污水事件继续发酵，越来越多的声音，明确反对菅义伟向太平洋排放核污水，更有日本网友要求菅义伟和麻生太郎当众喝所谓处理过的福岛核污水。#军事分享官# #辰龙军事# #微博公开课[超话]#  http://t.cn/A6clurik ,无,2021-04-24 21:28,微博视频号,1,0,0,无
Kcqx7gtLH,北京晚报,男,北京,1943,16724031,北京晚报:【#日本东电称核废物储液罐或已泄漏#】4月23日，据日本《朝日新闻》报道，日本东京电力公司发布消息称，福岛第一核电站内存有放射性废弃物的一个储液罐可能已经发生泄漏。3月，东电工作人员曾在储液罐存放区域发现辐射量较大的凝胶状物体。东电怀疑储液罐因锈蚀而导致渗漏。http://t.cn/A6clTXVs  ,无,2021-04-24 21:25,iPhone客户端,11,9,5,无
KcqwCkniL,楠竹一,女,陕西,551,1073251,楠竹一:【日本排核污水遭多方谴责，美国却似乎在看热闹？憋了坏招？】最近日本福岛核废水问题成为了全世界的焦点，因为受损的福岛核电站排放出的核废水数量太多，日本已经无力存储，因此最近日本政府决定将经过处理后检验合格的福岛核废水直接排放入大海中。#军事分享官# #微博公开课[超话]# #楠竹一#  http://t.cn/A6cluleW ,无,2021-04-24 21:24,微博视频号,0,0,1,无
Kcqvl7R5d,今晚报,男,天津,2887,11349175,今晚报:【#日本东电称核废物储液罐或已泄漏#】4月23日，据日本《朝日新闻》报道，日本东京电力公司发布消息称，福岛第一核电站内存有放射性废弃物的一个储液罐可能已经发生泄漏。3月，东电工作人员曾在储液罐存放区域发现辐射量较大的凝胶状物体。东电怀疑储液罐因锈蚀而导致渗漏。（人民日报）http://t.cn/A6clTXVs ,无,2021-04-24 21:21,微博视频号,4,3,0,无
Kcqv31XLT,野人发圆,男,其他,176,2050,野人发圆:差不多得了，我就是被无数艾回热搜骗到的广大无辜观众之一，今天点开直播才知道几位送创来回锅不是没有道理的，还说外国选手跟中国选手有壁，唯一的壁可能就是老舅哥用智商给福岛笼起的罩子  ,无,2021-04-24 21:20,HUAWEI P10,1,0,0,无
KcquGiSq1,每日经济新闻,男,上海,721,47548725,每日经济新闻:【#日本东电称核废物储液罐或已泄漏#】4月23日，据日本《朝日新闻》报道，日本东京电力公司发布消息称，福岛第一核电站内存有放射性废弃物的一个储液罐可能已经发生泄漏。3月，东电工作人员曾在储液罐存放区域发现辐射量较大的凝胶状物体。东电怀疑储液罐因锈蚀而导致渗漏。（@CGTN，TY）http://t.cn/A6clTXVs ,无,2021-04-24 21:19,微博视频号,55,16,18,无
KcquyzAaa,广州新闻电台FM962,男,广东,139,265632,广州新闻电台FM962:【韩国联合中美洲8国发表声明：对日本排核废水排海深表担忧】当地时间22日，韩国和中美洲8国副外长在哥斯达黎加共同出席韩国与中美洲一体化体系（SICA）副外长会议，会后与会国发表联合声明，对日本福岛核废水排海决定深表担忧。据韩联社23日报道，韩国外交部表示，声明对核废水排海将带来的后果深表担忧，并强调国际社会应共同应对太平洋地区海洋污染的必要性。韩国外交部指出，这是在韩国政府的主导下，高级多边机构首次对日方排放核废水入海的决定表示担忧并呼吁共同应对，同时是太平洋沿岸非亚洲国家联合发声，十分有意义。韩国副外长崔钟建还在会上表示，国际社会需要基于确保太平洋沿岸国家国民的健康安全，以及保护海洋环境的首要原则，要求相关方严格检查核废水处理是否安全。（海外网） ,无,2021-04-24 21:19,iPhone客户端,0,0,0,无
KcquwB0d4,大阪观光局,女,海外,107,112534,大阪观光局:【野田站前的紫藤花架】阪神野田站前的紫藤花盛开ing在花架下坐着也是非常享受～野田藤是大阪福岛区的区花，曾一度濒临灭绝在之后的呼吁、保护之下才能够在每年的春天，如期和大家见面#大阪旅游[超话]##大阪观光局##带着微博去旅行##随手拍下的治愈瞬间#  [组图共4张] 原图 ,无,2021-04-24 21:19,大阪旅游超话,17,6,2,无
Kcqu9b17j,梁溪说事,男,江苏,1702,199957,梁溪说事:日本东电：福岛核废物集装箱或已泄露，路面发现辐射性物质 #梁溪说事[超话]# 梁溪说事的微博视频  ,无,2021-04-24 21:18,梁溪说事超话,14,0,7,无
Kcqu7rQto,南京残联,男,江苏,1970,5829,南京残联:【#日本要把福岛食材推上奥运会餐桌#】#微博放映厅#据媒体报道，4月19日，东京奥运会和残奥会组委会宣布，为运动员村餐厅所提供的“大家的食物计划”餐单已经确定，其中将包括福岛县等受日本核泄漏地区的食材及当地特色菜。所谓的“大家的食物计划”，是东京奥组委旨在向世界宣扬日本饮食文化和美食而举办的公众参与型项目。值得注意的是，在最终公布的获奖作品中，赫然出现了福岛产的食材。 http://t.cn/A6cpLN3v ,无,2021-04-24 21:18,微博视频号,1,0,0,无
KcqtNiZ0W,吸兔,女,四川,1713,1783,吸兔:救命啊，方舟新剧情有个评论说『福岛辐射关卡』…救命啊，联动福岛  ,无,2021-04-24 21:17,Share微博客户端,1,0,0,无
Kcqtd3SQW,贤王sama,女,其他,116,27,贤王sama:#明日方舟[超话]#这次的地图是福岛  原图 ,无,2021-04-24 21:15,明日方舟超话,2,0,2,无
Kcqt3AiAK,戻zsradc_DGS_谏山创你杀了我,女,海外,2754,2462,戻zsradc_DGS_谏山创你杀了我:草弹幕：福岛联动多笋啊  ,无,2021-04-24 21:15,HUAWEI Mate 30,0,0,0,无
KcqsXCnpc,台上有肉卷五方,男,其他,205,118,台上有肉卷五方:又看到一条好笋的弹幕“福岛核辐射限定版san值狂掉”笑死  ,无,2021-04-24 21:15,See微博客户端,0,0,0,无
KcqspEBaY,青莲榆菜,男,广东,999,1471,青莲榆菜:福岛菊花草草草  原图 ,无,2021-04-24 21:13,微博 weibo.com,3,0,0,无
Kcqsh7LXa,全都喜欢的PP,男,其他,259,355,全都喜欢的PP:懂了 这波是福岛核排放联动  ,无,2021-04-24 21:13,小米10 Pro,0,0,0,无
Kcqs6ut0v,两酶活性不等,男,海外,22,1078,两酶活性不等:神特么福岛海怪2333333333  ,无,2021-04-24 21:13,微博国际版,0,1,0,无
Kcqs0vpAw,不吃香菜的熊鸭,女,其他,202,97,不吃香菜的熊鸭:害，最近感想，不管#日本政府正式决定福岛核废水排海#  还是#印度疫情#  哪怕世界马上就要毁灭，你明天早上还是要上班  ,无,2021-04-24 21:12,微博国际版,0,0,0,无
KcqrqtxvY,财联社APP,男,上海,1182,2105002,财联社APP:【日本东电：#福岛核废物储液罐或已泄漏#】财联社4月24日讯，4月23日，据日本《朝日新闻》报道，日本东京电力公司发布消息称，福岛第一核电站内存有放射性废弃物的一个储液罐可能已经发生泄漏。  ,无,2021-04-24 21:11,微博 weibo.com,56,18,23,无
KcqqV9fk0,我朝那些事儿,女,北京,278,12923,我朝那些事儿:#福岛放射性废弃物或已泄漏#日本百年后，小孩：爷爷我们国家真的有排放核废水吗？爷爷：哪有的事都是别国诬陷我们的。小孩：哦。爷爷用第三只手摸了摸小孩的第二个脑袋，第四只手从第四条大腿的口袋中拿出了烟，叼在第二只嘴里，用四只眼睛看着落日，另外三只眼睛看着小孩说：我们回家吧。说着爷孙两个一起迈着十八条腿爬回家了。 ,无,2021-04-24 21:10,Android,7,0,1,无
KcqpVoLyT,券商中国,男,广东,392,194422,券商中国:【日本东电：福岛核废物储液罐或已泄漏】4月23日，据日本《朝日新闻》报道，日本东京电力公司发布消息称，福岛第一核电站内存有放射性废弃物的一个储液罐可能已经发生泄漏。  ,无,2021-04-24 21:07,微博 weibo.com,3,1,5,无
KcqoWcDCs,新浪财经,男,北京,2692,23480750,新浪财经:【承认了！日本东电：#福岛核废物储液罐或已泄漏#】4月23日，据日本《朝日新闻》报道，日本东京电力公司发布消息称，福岛第一核电站内存有放射性废弃物的一个储液罐可能已经发生泄漏。3月，东电工作人员曾在储液罐存放区域发现辐射量较大的凝胶状物体。东电怀疑储液罐因锈蚀而导致渗漏。http://t.cn/A6clmaP2 http://t.cn/A6clTXVs ,无,2021-04-24 21:05,微博视频号,107,52,57,无
KcqoPbzov,还是小帛帛,女,江苏,122,105119,还是小帛帛:#中国女排明日前往东京#哎～～不想中国健将去日本受罪疫情+辐射+福岛食物是个人都不都想呆在日本  [组图共9张] 原图 ,无,2021-04-24 21:05,Android,158,120,129,无
Kcqon6cPQ,将进雪2021,男,辽宁,8331,8511,将进雪2021:日本东电：福岛核废物储液罐或已泄漏。  ,无,2021-04-24 21:03,Android,6,0,8,无
Kcqnfn0he,李老儒妈,女,辽宁,886,161,李老儒妈:昨天、福岛问题、特邀嘉宾、主讲20分钟  ,无,2021-04-24 21:01,iPhone客户端,0,0,0,无
Kcqn75Bvc,武大新传小洋学姐,女,湖北,16,1085,武大新传小洋学姐:来啦来啦，4月23号新传热点小合集来咯！👉🏻 4月23日，福岛第一核电站内存又放射性废弃物的集装箱可能发生泄露。👉🏻 B站关联公司申请小电视相关商标被驳回。👉🏻 Keep更新到了7.0版本。👉🏻 4月20日，《书画里的中国》录制地——北京艺术博物馆（万寿寺）开启慢直播。👉🏻 23日，“网信中国”公布《网络直播营销管理办法（试行》。 热点详情戳下图获取哦~💖 新传考研的你一定会感谢从现在开始积累案例的自己~#武大新传专硕考研[超话]##小洋学姐##武汉大学考研[超话]##武大新传考研##新传考研##武大新传##2022考研党[超话]##新传考研[超话]#  原图 ,无,2021-04-24 21:00,小洋的Android,0,0,0,无
KcqmQdQEP,纳斯达克100NDX,女,北京,2,813,纳斯达克100NDX:纳斯达克100 .NDX 承认了！日本东电：福岛核废物储液罐或已泄漏，点击链接查看更多-> http://t.cn/A6clmAIU  ,无,2021-04-24 21:00,微博股票,0,0,0,无
KcqmPFvlh,纳斯达克IXIC,女,北京,2,3836,纳斯达克IXIC:纳斯达克 .IXIC 承认了！日本东电：福岛核废物储液罐或已泄漏，点击链接查看更多-> http://t.cn/A6clmALk  ,无,2021-04-24 21:00,微博股票,0,0,0,无
KcqmP46E3,中国日报网,男,北京,210,6516435,中国日报网:【#日本当前处理技术无法确保核污水的安全#】日本政府近日决定将福岛第一核电站核污染水排入海中引发多方质疑，联合国三名人权专家也对日方相关决定深表遗憾。#联合国专家称福岛核污染水排海风险高# 央视网的微博视频  ,无,2021-04-24 21:00,微博视频号,12,3,0,无
KcqmAvRiL,桃花源视窗,男,湖南,200,1427,桃花源视窗:联合国专家：福岛核污染水排海，最终会影响所有人http://t.cn/A6cl8AXu  原图 ,无,2021-04-24 20:59,人民日报客户端,0,0,0,无
KcqlZ0qL1,千年老人2016,男,其他,7417,391207,千年老人2016:日本《产经新闻》消息称，麻生太郎16日在日本内阁会议后的例行记者会上说：“有人说‘太平洋不是日本的下水道’，那难道太平洋是中国的下水道吗？不应该是大家的海洋吗？”麻生太郎还顽固宣称，日本政府是在有科学根据的情况下处理福岛核电站核污染水。日本总自妄称中华文化正统，漏底了！  ,无,2021-04-24 20:58,中华文化Android,4,0,4,无
KcqkAsMPC,乔Yei,男,安徽,200,11485,乔Yei:#美国疫情#美国还是美国对#日本政府基本决定将福岛核污水排入大海# 表面表示支持：实际禁止进口对#印度# 表示：优先本国人民不得不说这一手玩的漂亮  原图 ,无,2021-04-24 20:54,垃圾堆捡的Android,2,0,3,无
KcqjT1Dp9,香港中通社,男,香港,402,718073,香港中通社:【台“駐日代表”為日本排放核污染水辯護引發爭議，“藍委”促其下周到立法機構備詢！】日本2年後將把福島核電站核污染水排入大海，台“駐日代表”公開為其辯護引發藍營强烈反彈。據台灣中時新聞網4月24日報道，台“立法院外交國防委員會”召委、國民黨“立委”廖婉汝已排議程，邀請外事部門負責人、“駐日代表”、原能會主委等29日報告台日關係之發展與未來展望並備質詢。因防疫考量，謝長廷恐來不及返台備詢，對此，民眾黨團副總召高虹安稱，不能因隔離影響答詢責任，要求謝長廷必須用視訊接受答詢。報道稱，鄰近國家和地區强烈表達反對日排放核污染水入海，謝長廷却反而幫日方講話，被譏為是“助日代表”，“立法院外交國防委員會”29日排定邀請外事部門負責人、駐日代表、原能會主委等備詢，不過，外事部門稱，謝長廷返台，21天檢疫、自主健康管理問題，恐來不及29日赴“立法院”備詢。民眾黨團副總召高虹安表示，謝長廷理應為台灣民眾發聲，相較韓國强烈抗議，反觀謝長廷臉書及對外媒體說明，却是站在日方立場，還表示台灣也有排放核廢水，但“立法院”近期多次質詢原能會、農委會，可以看出謝長廷對核廢水排放專業不足，擅自在臉書發表意見，引發社會强烈反彈。對于謝長廷恐因防疫為由，趕不及29日返台赴“立法院”備詢，高虹安認為，謝長廷有必要把疑慮厘清，强烈要求謝長廷不能因防疫措施，影響答詢責任所在，若無法返台說明並備詢，必須要用視訊方式接受答詢，一次把問題厘清，對社會大眾交代。謝長廷日前發文稱“台灣3座核能發電廠的含氚廢水也排入海”，不只國民黨民代李德維質疑不該把福島核污染水與台灣核能發電廠冷却廢水相提並論，民進黨民代吳思瑤也批謝長廷發文欠缺核能專業，用字遣詞不精准。台灣民眾黨23日痛批，能源部門已澄清台灣是正常排放廢水，日本核廢水却是意外産生，無疑宣告謝長廷說法有誤，難道顔色對了，造謠就可以被原諒嗎？民眾黨團呼籲台外事部門召回謝長廷並赴台“立法院”備詢，說明近日工作內容，並解釋為何大陸、韓國、朝鮮、俄羅斯等都透過管道向日本表達强烈不滿，台灣却僅“嚴正交涉”。#美国支持日本福岛污水入海决定# #日本政府正式决定福岛核废水排海# #台湾# #台海问题# 原图 ,无,2021-04-24 20:52,微博 weibo.com,22,1,6,无
KcqiIzqND,环球市场播报,男,北京,823,5445811,环球市场播报:【日媒：#福岛放射性废弃物或已泄漏#】据日本《朝日新闻》23日报道，日本东京电力公司发消息称，福岛第一核电站内存有放射性废弃物的一个储液罐可能已发生泄漏。上月，工作人员曾在储液罐存放区域发现辐射量较大的凝胶状物体。东电怀疑储液罐因锈蚀而导致渗漏。相关储液罐已被移至室内存放。http://t.cn/A6cJzLRu ,无,2021-04-24 20:49,微博视频号,8,11,6,无
KcqhrriZS,是王师傅啊,男,广东,47,401,是王师傅啊:切尔诺贝利、福岛核泄漏这里面唯一有借鉴意义的就是只要你建了核电站 就不知道什么时候漏  ,无,2021-04-24 20:46,iPhone客户端,2,0,0,无
KcqgA0Gn7,无用知识bot,男,上海,977,44523,无用知识bot:#医用唢呐# “我拉裤兜子里了。”福岛说。  ,无,2021-04-24 20:44,微博 weibo.com,4,1,1,无
KcqgzmPY1,军武观察哨,男,江苏,1000,32501,军武观察哨:#福岛核废物储液罐或已泄漏#尼玛，这下连稀释都省了  [组图共3张] 原图 ,无,2021-04-24 20:44,军武观察哨Android,12,4,7,无
KcqeHe5YY,中国侨网,男,北京,1023,915018,中国侨网:【#日本当前处理技术无法确保核污水的安全#】日本政府近日决定将福岛第一核电站核污染水排入海中引发多方质疑，联合国三名人权专家也对日方相关决定深表遗憾。#联合国专家称福岛核污染水排海风险高# @央视网  央视网的微博视频  ,无,2021-04-24 20:40,微博视频号,0,0,0,无
Kcqdw0BMt,安徽团省委,女,安徽,365,20836,安徽团省委:日媒：#福岛放射性废弃物或已泄漏##皖团有话说# 安徽团省委的微博视频  ,无,2021-04-24 20:37,微博视频号,11,0,5,无
Kcqdll5u1,聋鼻子,男,广东,407,427,聋鼻子:#福岛核废物储液罐或已泄漏#日本人又要鞠躬了，就问你们烦不烦。  ,无,2021-04-24 20:36,HUAWEI Mate 20 X 5G,2,0,0,无
Kcqddnuak,在岸边钓鱼的团子,女,广东,307,308,在岸边钓鱼的团子:#福岛放射性废弃物或已泄漏#艹！旅日熊猫我们回家  ,无,2021-04-24 20:36,傅诗团的Android,0,0,0,无
Kcqc47th8,海峡之声,男,福建,544,2038739,海峡之声:【台“驻日代表”为日本排放核污染水辩护引发争议，“蓝委”促其下周到立法机构备询】日本2年后将把福岛核电站核污染水排入大海，台“驻日代表”公开为其辩护引发蓝营强烈反弹。据台湾中时新闻网4月24日报道，台“立法院外交国防委员会”召委、国民党“立委”廖婉汝已排议程，邀请外事部门负责人、“驻日代表”、原能会主委等29日报告台日关系之发展与未来展望并备质询。因防疫考量，谢长廷恐来不及返台备询，对此，民众党团副总召高虹安称，不能因隔离影响答询责任，要求谢长廷必须用视讯接受答询。报道称，邻近国家和地区强烈表达反对日排放核污染水入海，谢长廷却反而帮日方讲话，被讥为是“助日代表”，“立法院外交国防委员会”29日排定邀请外事部门负责人、驻日代表、原能会主委等备询，不过，外事部门称，谢长廷返台，21天检疫、自主健康管理问题，恐来不及29日赴“立法院”备询。民众党团副总召高虹安表示，谢长廷理应为台湾民众发声，相较韩国强烈抗议，反观谢长廷脸书及对外媒体说明，却是站在日方立场，还表示台湾也有排放核废水，但“立法院”近期多次质询原能会、农委会，可以看出谢长廷对核废水排放专业不足，擅自在脸书发表意见，引发社会强烈反弹。对于谢长廷恐因防疫为由，赶不及29日返台赴“立法院”备询，高虹安认为，谢长廷有必要把疑虑厘清，强烈要求谢长廷不能因防疫措施，影响答询责任所在，若无法返台说明并备询，必须要用视讯方式接受答询，一次把问题厘清，对社会大众交代。谢长廷日前发文称“台湾3座核能发电厂的含氚废水也排入海”，不只国民党民代李德维质疑不该把福岛核污染水与台湾核能发电厂冷却废水相提并论，民进党民代吴思瑶也批谢长廷发文欠缺核能专业，用字遣词不精准。台能源部门主管谢晓星更称，“谢长廷不是核工专业，说得太过头了。”台湾民众党23日痛批，能源部门已澄清台湾是正常排放废水，日本核废水却是意外产生，无疑宣告谢长廷说法有误，难道颜色对了，造谣就可以被原谅吗？民众党团呼吁台外事部门召回谢长廷并赴台“立法院”备询，说明近日工作内容，并解释为何大陆、韩国、朝鲜、俄罗斯等都透过管道向日本表达强烈不满，台湾却仅“严正交涉”。（环球网） 原图 ,无,2021-04-24 20:33,无,1,1,1,无
KcqbVx5OE,观棋lingbert,女,陕西,723,386,观棋lingbert:苏吹都是哈怂。完毕。『福岛核废水事件的一些碎碎念』福岛核废水事件的一些碎碎念  ,无,2021-04-24 20:33,OPPO A11x,0,0,0,无
KcqbpmSLC,方型辣条,女,湖北,351,232,方型辣条:#福岛放射性废弃物或已泄漏#妈的！  ,无,2021-04-24 20:31,iPhone客户端,0,0,0,无
KcqaZjoKa,独行骑士·Lwf,男,江苏,20000,18718,独行骑士·Lwf:联合国专家：福岛核污染水排海，最终会影响所有人http://t.cn/A6cl8AXu  原图 ,无,2021-04-24 20:30,人民日报客户端,0,0,0,无
KcqaXwUE5,大公文匯網,男,香港,305,652554,大公文匯網:【日媒：#福岛放射性废弃物或已泄漏#】据日媒报道，日本东京电力公司发消息称，福岛第一核电站内存有放射性废弃物的一个储液罐可能已发生泄漏。@环球资讯 @CGTN http://t.cn/A6clEoC0CGTN的微博视频  ,无,2021-04-24 20:30,微博视频号,33,4,5,无
KcqaCfop7,李庄古镇,女,其他,127,12020,李庄古镇:#赵立坚提醒日本不能再装聋作哑#【赵立坚：#核污水要是没公害日本为什么不留着#】23日，外交部发言人赵立坚表示，日方须诚恳面对国内外的质疑和反对，不能再装聋作哑。日本福岛核污水处置绝不是日本的“家务事”。核污水要是没有公害，日本为什么不自己留着？环球资讯的微博视频  ,无,2021-04-24 20:30,微博视频号,0,0,0,无
KcqafcwdS,月隐寒霜,男,其他,1069,84876,月隐寒霜:福岛岛第一核电站内存有放射性废弃物的一个储液罐可能已经发生泄漏。那么，现在的问题是，这次泄露是不是影响日本核废水排放进度，会不会加快大规模排放？我觉得，眼下日本可能比较危险了，会不会发生更严重的问题，可能很快就会有结论。  ,无,2021-04-24 20:29,射學Android,0,0,0,无
Kcq9Wk0ch,军令部长,男,浙江,419,5132782,军令部长:#福岛核废物储液罐或已泄漏#没事，鞠一躬就行了！  原图 ,无,2021-04-24 20:28,无,13,6,7,无
Kcq8byjQG,环球网,女,北京,1445,23538379,环球网:【承认了！日本东电：#福岛核废物储液罐或已泄漏# 】4月23日，据日本《朝日新闻》报道，日本东京电力公司发布消息称，福岛第一核电站内存有放射性废弃物的一个储液罐可能已经发生泄漏。3月，东电工作人员曾在储液罐存放区域发现辐射量较大的凝胶状物体。东电怀疑储液罐因锈蚀而导致渗漏。（CGTN） http://t.cn/A6clTXVs ,无,2021-04-24 20:24,微博视频号,703,117,131,无
Kcq61paOA,义勇军--鬼谷子,男,广西,6760,14751597,义勇军--鬼谷子:联合国专家：福岛核污染水排海，最终会影响所有人  联合国专家：福岛核污染水排海，最终会影响所有人  ,无,2021-04-24 20:18,腾讯视频,28,14,2,无
KcpYTkJCy,歪里歪气的,女,河北,390,68,歪里歪气的:纸太生墨太水我太菜都不是是因为#日本政府正式决定福岛核废水排海#  原图 ,无,2021-04-24 20:01,荣耀V20 4800万3D相机,4,0,3,无
KcpWvigin,饭饭今天也生气吗,女,云南,286,43,饭饭今天也生气吗:#日本政府正式决定福岛核废水排海#果然是让人难以理解的国家  原图 ,无,2021-04-24 19:55,vivo Y7s 屏幕指纹,0,0,0,无
KcpWea0qG,自由米兰kaka,男,山东,1067,637,自由米兰kaka:联合国专家：福岛核污染水排海，最终会影响所有人http://t.cn/A6cl8AXu  原图 ,无,2021-04-24 19:54,人民日报客户端,0,0,0,无
KcpNicFY5,湖州美食君,女,浙江,1223,13287,湖州美食君:【外交部：#福岛核污染水处置绝非日本家务事#】#赵立坚问核污水没害日本为何不留着#赵立坚强调，日本福岛核污染水处置问题绝不是日本的“家务事”。核污水要是没有公害，日本为什么不自己留着？日本不应对全球海洋生态环境和各国人民的健康安全置之不理，不应将该由自身承担的责任转嫁给全人类。如果日方执意将自身私利凌驾于国际公共利益之上，执意要迈出危险的第一步，日本国内民众不会答应，周边国家不会答应，国际社会也不会答应。日本政府也必将为自己不负责任的行为付出代价，留下历史污点。  http://t.cn/A6cWUQsh ,无,2021-04-24 19:32,微博视频号,0,0,1,无
KcpNibzEi,黄德有微博,男,浙江,4155,140763,黄德有微博:【外交部：#福岛核污染水处置绝非日本家务事#】#赵立坚问核污水没害日本为何不留着#赵立坚强调，日本福岛核污染水处置问题绝不是日本的“家务事”。核污水要是没有公害，日本为什么不自己留着？日本不应对全球海洋生态环境和各国人民的健康安全置之不理，不应将该由自身承担的责任转嫁给全人类。如果日方执意将自身私利凌驾于国际公共利益之上，执意要迈出危险的第一步，日本国内民众不会答应，周边国家不会答应，国际社会也不会答应。日本政府也必将为自己不负责任的行为付出代价，留下历史污点。  http://t.cn/A6cWUQsh ,无,2021-04-24 19:32,微博视频号,0,0,0,无
KcpNibzqe,湖州同城会,女,浙江,261,455,湖州同城会:【外交部：#福岛核污染水处置绝非日本家务事#】#赵立坚问核污水没害日本为何不留着#赵立坚强调，日本福岛核污染水处置问题绝不是日本的“家务事”。核污水要是没有公害，日本为什么不自己留着？日本不应对全球海洋生态环境和各国人民的健康安全置之不理，不应将该由自身承担的责任转嫁给全人类。如果日方执意将自身私利凌驾于国际公共利益之上，执意要迈出危险的第一步，日本国内民众不会答应，周边国家不会答应，国际社会也不会答应。日本政府也必将为自己不负责任的行为付出代价，留下历史污点。  http://t.cn/A6cWUQsh ,无,2021-04-24 19:32,微博视频号,0,1,0,无
KcpNi9nh4,湖州同城,男,北京,1035,11992,湖州同城:【外交部：#福岛核污染水处置绝非日本家务事#】#赵立坚问核污水没害日本为何不留着#赵立坚强调，日本福岛核污染水处置问题绝不是日本的“家务事”。核污水要是没有公害，日本为什么不自己留着？日本不应对全球海洋生态环境和各国人民的健康安全置之不理，不应将该由自身承担的责任转嫁给全人类。如果日方执意将自身私利凌驾于国际公共利益之上，执意要迈出危险的第一步，日本国内民众不会答应，周边国家不会答应，国际社会也不会答应。日本政府也必将为自己不负责任的行为付出代价，留下历史污点。  http://t.cn/A6cWUQsh ,无,2021-04-24 19:32,微博视频号,0,0,0,无
KcpMYE7e0,下一个黎明等待,男,河南,401,158,下一个黎明等待:#日本政府正式决定福岛核废水排海# 可爱的人 下一个黎明等待的微博视频  ,无,2021-04-24 19:31,Android,4,1,0,无
KcpL6eRhZ,人大重阳,男,北京,385,1007247,人大重阳:【美国不会“立地成佛”】 现在人们似乎看清了美国少数政客的真实面目：一方面与中国大谈气候领域的合作，另一方面却在磨刀霍霍，同时在科技领域，市场开放等对中国企业展开“无情竞争”。#中美高层战略对话# #中美关系# #中美# #美国支持日本福岛污水入海决定# #拜登称任期内不会让中国超过美国#  http://t.cn/A6clHOby ,无,2021-04-24 19:27,微博 weibo.com,4,0,0,无
KcpKkmD1U,尤里乌斯文败类,女,其他,379,254,尤里乌斯文败类:fkhr给我托梦说如果我cp不真他当场喝一桶福岛水。  ,无,2021-04-24 19:25,iPhone XR,0,0,0,无
KcpIwBqmG,CyanColor,女,河南,106,180,CyanColor:#福岛核废水57天可废掉半个太平洋##宝宝的少女心#  b站看到的，有点吓人。买日本进口食品水果啥的都注意下，不光是日本福岛的。  原图 ,无,2021-04-24 19:20,iPhone客户端,4,0,0,无
KcpGT4g0i,则就木焉,男,海外,100,1209,则就木焉:qnmdnjjc 淘汰的选手哪个不比日本人强看到被鹅害惨的帅哥们我真的殇了 日本人和二鬼子滚回福岛  ,无,2021-04-24 19:16,Android,2,0,0,无
KcpEakzFj,环球时报,男,北京,721,29243768,环球时报:【韩国联合中美洲8国发表声明：对日本排核废水排海深表担忧】当地时间22日，韩国和中美洲8国副外长在哥斯达黎加共同出席韩国与中美洲一体化体系（SICA）副外长会议，会后与会国发表联合声明，对日本福岛核废水排海决定深表担忧。据韩联社23日报道，韩国外交部表示，声明对核废水排海将带来的后果深表担忧，并强调国际社会应共同应对太平洋地区海洋污染的必要性。韩国外交部指出，这是在韩国政府的主导下，高级多边机构首次对日方排放核废水入海的决定表示担忧并呼吁共同应对，同时是太平洋沿岸非亚洲国家联合发声，十分有意义。韩国副外长崔钟建还在会上表示，国际社会需要基于确保太平洋沿岸国家国民的健康安全，以及保护海洋环境的首要原则，要求相关方严格检查核废水处理是否安全。（海外网） 原图 ,无,2021-04-24 19:10,微博 weibo.com,1420,64,181,无
KcpCffC2d,marck的人生,男,海外,1094,1792,marck的人生:承认了！日本东电：福岛核废物集装箱或已泄漏 路面发现辐射性物质 承认了！日本东电：福岛核废物集装箱或已泄漏 路面发现辐射性物质  原图 ,无,2021-04-24 19:05,无,0,0,0,无
Kcpt9DHCs,青春南京,女,江苏,1028,419892,青春南京:#青关注# 【赵立坚反问日本：核污水要是没有公害，日本为什么不自己留着？】有学者指出“作为受到日本核事故污水影响首当其冲的周边国家，中韩等国完全有权利向日方索赔”。外交部发言人赵立坚4月23日表示，日方必须诚恳面对国内外这些质疑和反对，不能再继续装聋作哑。日本福岛核污染水处置问题，绝不是日本的家务事。核污水要是没有公害，日本为什么不自己留着？日本不应对全球海洋生态环境和各国人民的健康安全置之不理，不应将该由自身承担的责任转嫁给全人类。（记者 孟哲 陈烨） http://t.cn/A6cWVHfT ,无,2021-04-24 18:42,微博视频号,1,1,0,无
KcpsQaRYM,不二black-white,女,重庆,627,160,不二black-white:三天来第二次三文鱼，想到福岛污水，我的甲状腺健康…… 盐城·金鹰天地广场  显示地图 原图 ,无,2021-04-24 18:42,5G自拍手机vivo S6,1,0,0,无
KcpqjCrA0,书客宅骑士,男,湖北,462,157,书客宅骑士:那些年被骗去福岛打工的中国人现在怎么样了？#哔哩哔哩动画# 那些年被骗去福岛打工的中国人现在怎么样了？  ,无,2021-04-24 18:35,哔哩哔哩,0,0,0,无
Kcpm6833l,旗米拉论坛,男,广东,66,394355,旗米拉论坛:侯汉廷谈新闻 2021-04-24 袒护日本排福岛核废水谢长廷拿台湾核电厂当垫背? 大家直接访问论坛网址qimila.cool即可!  ,无,2021-04-24 18:25,360安全浏览器,0,0,0,无
Kcpjlh0zA,延边发布,男,吉林,324,153666,延边发布:【90后插画师作品疯传！Diss核污水入海，这些细节亮了！】近日，日本决定将福岛核污染水排入大海一事引发众怒。4月20日，一名90后插画师创作的画《神奈氚冲浪裏》在网络走红！90后插画师作品疯传！Diss核污水入海，这些细节亮了！  [组图共6张] 原图 ,无,2021-04-24 18:18,360安全浏览器,0,0,0,无
Kcpguh0Tg,BTVi生活,男,北京,270,1362471,BTVi生活:#i生活播报# 【#日本当前处理技术无法确保核污水的安全#】日本政府近日决定将福岛第一核电站核污染水排入海中引发多方质疑，联合国三名人权专家也对日方相关决定深表遗憾。#联合国专家称福岛核污染水排海风险高# 央视网的微博视频  ,无,2021-04-24 18:11,微博视频号,0,0,0,无
KcpdRbsGM,玉虚龙宇君,男,上海,4996,85448,玉虚龙宇君:【业余毁三观】不止福岛核设施偷工减料，日本长寿率也造假？对幽灵人瑞的反思~#哔哩哔哩动画# 【业余毁三观】不止福岛核设施偷工减料，日本长寿率也造假？对幽灵人瑞的反思~  ,无,2021-04-24 18:05,哔哩哔哩,1,0,0,无
Kcpd3cX91,闻所未文,女,北京,2200,112628,闻所未文:【韩国联合中美洲8国发表声明：对日本排核废水排海深表担忧】海外网4月23日电 当地时间22日，韩国和中美洲8国副外长在哥斯达黎加共同出席韩国与中美洲一体化体系（SICA）副外长会议，会后与会国发表联合声明，对日本福岛核废水排海决定深表担忧。据韩联社23日报道，韩国外交部表示，声明对核废水排海将带来的后果深表担忧，并强调国际社会应共同应对太平洋地区海洋污染的必要性。韩国外交部指出，这是在韩国政府的主导下，高级多边机构首次对日方排放核废水入海的决定表示担忧并呼吁共同应对，同时是太平洋沿岸非亚洲国家联合发声，十分有意义。韩国副外长崔钟建还在会上表示，国际社会需要基于确保太平洋沿岸国家国民的健康安全，以及保护海洋环境的首要原则，要求相关方严格检查核废水处理是否安全。（海外网 王西洛）#日本政府正式决定福岛核废水排海##日本副首相称喝处理核废水没事# http://t.cn/A6clNAxw ,无,2021-04-24 18:03,HUAWEI nova 2s,0,0,0,无
KcpbZFd4J,日本新鲜事儿,男,北京,144,112078,日本新鲜事儿:#日本##东京奥运会#日本要把福岛食材推上奥运会餐桌，炸锅了！ 日本新鲜事儿的微博视频  ,无,2021-04-24 18:00,日本超话,0,0,0,无
Kcp8vmeqB,潍坊公安,男,山东,1013,2636005,潍坊公安:【#赵立坚问核污水没害日本为何不留着#】针对有学者指出“作为受到日本核事故污水影响首当其冲的周边国家，中韩等国完全有权利向日方索赔”，外交部发言人赵立坚4月23日说，日方必须诚恳面对国内外这些质疑和反对，不能再继续装聋作哑。“日本福岛核污染水处置问题绝不是日本的家务事，核污水要是没有公害，日本为什么不自己留着？”他说，如果日方执意将自身私利凌驾于国际公共利益之上，执意要迈出危险的第一步，日本国内民众不会答应，周边国家不会答应，国际社会也不会答应，日本政府也必将为自己不负责任的行为付出代价，留下历史污点。http://t.cn/A6cWUQsh ,无,2021-04-24 17:52,微博视频号,2,0,0,无
Kcp4o0L4c,人生旅途我不哭,女,北京,110,373,人生旅途我不哭:东电称，福岛放射性废弃物集装箱或已发生泄漏。福岛县知事要求菅义伟为核污水排海担负责任 ##快手# @快手 广东新闻频道的快手视频  ,无,2021-04-24 17:41,iPhone客户端,0,0,0,无
Kcp3QmKvJ,Love-Is-All-You-Need,男,湖北,138,48,Love-Is-All-You-Need:#日本福岛 #核废水 #原创 日本为了报复美国的两个大宝贝决定使用海中原子弹  原图 ,无,2021-04-24 17:40,微博 weibo.com,3,0,0,无
Kcp399Ugc,柳原朋,男,广东,514,705,柳原朋:我的老伙计，把福岛核电站拆了吧，幸村恵理唱一首SOS放的电够日本全国用半年了。  ,无,2021-04-24 17:38,新版微博 weibo.com,8,1,1,无
Kcp2p6m8i,璞玉无痕,男,河北,28,261,璞玉无痕:有一点不得不提醒中国海军，美国支持，日本国敢于排放福岛核废水，还有一个可能就是要对中国核潜艇攻击，斩首行动。这样即使造成核泄漏，也会被掩盖在核废水污染之中，借口误击中脱责。防人之心不可无，害日美之心必须有。@紫光阁 @共青团中央 @人民日报  ,无,2021-04-24 17:37,小米Max2 大屏大电量,2,0,1,无
Kcp03rL3f,黑洞不是黑的,女,北京,323,981,黑洞不是黑的:东京电力，22日，日本福岛第一核电站用地内放射性核废弃物的容器中液体泄漏，有可能流向地表。上个月，在保管核废料集装箱的现场发现了高剂量的凝胶状的块状物。 ⋯东电从1977年开始，造假、篡改数据，漏报瞒报，早晚还得出大事！  原图 ,无,2021-04-24 17:31,iPad客户端,0,0,0,无
Kcp008rNp,云南网,男,云南,444,1285306,云南网:【韩国联合中美洲8国发表声明：对日本排核废水排海深表担忧】当地时间22日，韩国和中美洲8国副外长在哥斯达黎加共同出席韩国与中美洲一体化体系（SICA）副外长会议，会后与会国发表联合声明，对日本福岛核废水排海决定深表担忧。http://t.cn/A6clNAxw  ,无,2021-04-24 17:31,微博 weibo.com,0,0,0,无
KcoZ8DajR,抚州资溪发布,男,江西,1922,56471,抚州资溪发布:【外交部：#福岛核污染水处置绝非日本家务事#】#赵立坚问核污水没害日本为何不留着#赵立坚强调，日本福岛核污染水处置问题绝不是日本的“家务事”。核污水要是没有公害，日本为什么不自己留着？日本不应对全球海洋生态环境和各国人民的健康安全置之不理，不应将该由自身承担的责任转嫁给全人类。如果日方执意将自身私利凌驾于国际公共利益之上，执意要迈出危险的第一步，日本国内民众不会答应，周边国家不会答应，国际社会也不会答应。日本政府也必将为自己不负责任的行为付出代价，留下历史污点。@人民视频 http://t.cn/A6clOXr1 ,无,2021-04-24 17:28,微博视频号,5,3,2,无
KcoVAz8CI,HoPeHoPeV,女,其他,554,79,HoPeHoPeV:分享：福岛核电站其实是人为事故，有人知道吗？ 福岛核电站其实是人为事故，有人知道吗？  原图 ,无,2021-04-24 17:20,iPhone客户端,0,0,0,无
KcoQIdz4W,香港中通社,男,香港,402,718074,香港中通社:【韓國聯合中美洲8國發表聲明：對日本核廢水排海深表擔憂】當地時間22日，韓國和中美洲8國副外長在哥斯達黎加共同出席韓國與中美洲一體化體系（SICA）副外長會議，會後與會國發表聯合聲明，對日本福島核廢水排海决定深表擔憂。據韓聯社23日報道，韓國外交部表示，聲明對核廢水排海將帶來的後果深表擔憂，並强調國際社會應共同應對太平洋地區海洋污染的必要性。韓國外交部指出，這是在韓國政府的主導下，高級多邊機構首次對日方排放核廢水入海的决定表示擔憂並呼籲共同應對，同時是太平洋沿岸非亞洲國家聯合發聲，十分有意義。韓國副外長崔鐘建還在會上表示，國際社會需要基于確保太平洋沿岸國家國民的健康安全，以及保護海洋環境的首要原則，要求相關方嚴格檢查核廢水處理是否安全。#美国支持日本福岛污水入海决定# #日本政府正式决定福岛核废水排海# #日本核废水入海对中国有何影响# 原图 ,无,2021-04-24 17:08,微博 weibo.com,15,0,6,无
KcoNLEWsu,不止损股侠,男,其他,7702,176867,不止损股侠:三锅：干了这碗恒河水鬼子：干了这碗福岛汤两个二逼国家，彻底完犊子了   ,无,2021-04-24 17:00,360安全浏览器,20,1,0,无
KcoL2DFCI,我认识很多杀猪的,女,上海,168,52,我认识很多杀猪的:尼玛 创造瀛真是恶心 没想到还有比下等秀粉更下等的 竟是日本二鬼子秀粉 绝了 整个瀛弥漫着一股子穷酸又不甘心的味道 日本的核废水能不能灌回福岛  ,无,2021-04-24 16:54,Android,0,0,0,无
KcoKTqPz5,广西网络广播电视台GXNTV,男,广西,40,1879044,广西网络广播电视台GXNTV:【韩国联合中美洲8国发表声明：对日本排核废水排海深表担忧】海外网4月23日电 当地时间22日，韩国和中美洲8国副外长在哥斯达黎加共同出席韩国与中美洲一体化体系（SICA）副外长会议，会后与会国发表联合声明，对日本福岛核废水排海决定深表担忧。http://t.cn/A6clNAxw  原图 ,无,2021-04-24 16:53,微博 weibo.com,0,0,0,无
KcoK13F1D,蛮烟漳雨,男,河北,63,793,蛮烟漳雨:新冠肺炎疫情已经由去年的超级黑天鹅，变成了现在的超级灰犀牛，很多国家躲无可躲。日本因为自己没有严厉封锁国门，导致了非常惨重的代价，这很可能是有史以来亏损最严重的奥运会，但日本现在一点都没有吸取教训，又开始准备向海洋排放福岛核电站的核废水。  ,无,2021-04-24 16:51,荣耀30 5G,0,0,0,无
KcoFhnGxV,津云,男,天津,392,1577778,津云:【#日本当前处理技术无法确保核污水的安全#】日本政府近日决定将福岛第一核电站核污染水排入海中引发多方质疑，联合国三名人权专家也对日方相关决定深表遗憾。#联合国专家称福岛核污染水排海风险高# （央视网）央视网的微博视频  ,无,2021-04-24 16:40,微博视频号,0,0,0,无
KcoDuxUYK,求求你别看手机,男,北京,561,117,求求你别看手机:花了一下午看完了美剧《切尔诺贝利》，以前只是在书本上看过事件介绍，细致去了解才知道事件的凶险程度完全不是我能想象的。难以想象那些参加救援的人当时面临的是一种多么绝望的场景，#日本政府正式决定福岛核废水排海# 相比于天灾，人祸才是最可怕的。  ,无,2021-04-24 16:35,HUAWEI P40 Pro+ 5G,0,0,0,无
KcoBdyIIy,南京生态环境,男,江苏,674,1700210,南京生态环境:【外交部：福岛核污染水处置问题绝不是日本家务事】针对有学者指出“作为受到日本核事故污水影响首当其冲的周边国家，中韩等国完全有权利向日方索赔”，外交部发言人赵立坚4月23日说，日方必须诚恳面对国内外这些质疑和反对，不能再继续装聋作哑。“日本福岛核污染水处置问题绝不是日本的家务事，核污水要是没有公害，日本为什么不自己留着？”他说，如果日方执意将自身私利凌驾于国际公共利益之上，执意要迈出危险的第一步，日本国内民众不会答应，周边国家不会答应，国际社会也不会答应，日本政府也必将为自己不负责任的行为付出代价，留下历史污点。（来源：新华社，发布：李珂，审核：胡茂林 赵锋） ,无,2021-04-24 16:30,微博 weibo.com,6,0,0,无
KcoAPquZs,浙商卢献星,男,浙江,388,1266906,浙商卢献星:王志安谈新疆棉花与#日本政府正式决定福岛核废水排海#。之前做新闻调查的时候挺像那么回事的，人的改变真的让人颠覆三观。  [组图共4张] 原图 ,无,2021-04-24 16:29,浙商会iPhone客户端,59,4,27,无
KcoAfi1Cm,窘态通天打赢,女,上海,4496,169,窘态通天打赢:【全球奇闻】福岛核电站泄露的核辐射已造成了国内大量的蝴蝶品种出现畸形。科学家还怀疑其它物种是否也已基因突变。报道称，研究人员分别在核泄漏事件后的数周和数月内收集了几百只蝴蝶，并发现超过10%的蝴蝶已变畸形，其翅膀变得异常小。  ,无,2021-04-24 16:27,iPhone客户端,0,0,0,无
Kcoypyg4L,科罗廖夫,男,黑龙江,1906,6461938,科罗廖夫:在2011年的311地震，以及随之而来大海啸中，至少造成1.5万人死亡，129万栋建筑损毁。日本除了有福岛核电站事故以外，日本航空自卫队也有巨大损失，当时日本东部9.1级地震引发了最高达到40米的大海啸，有18架F-2战斗机，4架T4教练机、4架UH60黑鹰直升机被海啸席卷的泥石流吞没，遭到严重破坏。日本航空自卫队只装备有96架F-2战斗机，这次海啸就造成了19%的损失。当时国内有军事专家分析认为，被海啸泥石流吞没的战斗机，就像被水浸的汽车一样，维修起来十分麻烦，而且维修以后的技术状态也不令人放心，因此推测日本很可能放弃这18架受损的F-2，转而购买全新的战斗机。不过，F-2太贵了，当年的采购单价高达1亿美元，于是日本竭尽全力地修复这批飞机，其中有13架战机被修复后重新服役，用了七年时间，每架战机的修复费用高达5500万美元。到2018年，最后一架修复的F-2战机重新服役，日本空自的F-2机队恢复到28架双座的F-2B型和63架单座的F-2A型的规模。无法修复的F-2战机有5架。在2013年，日本空自将这5架战机拆毁，设备用于零备件，机身做成易拉罐了吧。 [组图共9张] 原图 ,无,2021-04-24 16:23,微博 weibo.com,99,8,36,无
KcoxCbnLx,小扒茶字典,男,福建,273,311725,小扒茶字典:福岛汽水……可真有你的  原图 ,无,2021-04-24 16:21,HUAWEI Mate 20,3,0,3,无
Kcotoo36W,漠宏庵,男,湖南,3069,367367,漠宏庵:4月13日，日本菅义伟宣称；将福岛上百万吨核废水排入太平洋，缓解日本福岛的核废水贮存压力。中国外交部发言人汪文斌在4月21日火速给出了回应：“试图把核污水一排了之，把环境健康安全风险扩散到全球，这种行为不透明、不科学、不合法、不负责也不道德，是冒天下之大不韪。日本发动侵略战争欠下世界多国血债未还，如果日本胆敢把核废水排入海洋危害全人类子孙后代的身体健康，必将激起全世界人民的愤慨。到那时新账加旧账必需加倍讨还！《核污水倒海恶果开始显现！全世界都没想到，菅义伟噩耗一个接一个》日本想要把核污水倒入海洋的恶果已经开始显现，世界多国已经针对此事采取了行动，菅义伟的噩耗更是一个接着一个。http://t.cn/A6clCtEt 原图 ,无,2021-04-24 16:10,百度App,9,1,28,无
Kcotafj4K,漠宏庵,男,湖南,3069,367367,漠宏庵:4月13日，日本菅义伟宣称；将福岛上百万吨核废水排入太平洋，缓解日本福岛的核废水贮存压力。中国外交部发言人汪文斌在4月21日火速给出了回应：“试图把核污水一排了之，把环境健康安全风险扩散到全球，这种行为不透明、不科学、不合法、不负责也不道德，是冒天下之大不韪。日本发动侵略战争欠下世界多国血债未还，如果日本胆敢把核废水排入海洋危害全人类子孙后代的身体健康，必将激起全世界人民的愤慨。到那时新账加旧账必需加倍讨还！ [组图共4张] 原图 ,无,2021-04-24 16:10,漠宏庵情感超话,9,2,11,无
KcorIqxoC,门口的监控器坏了,男,北京,76,69,门口的监控器坏了:6.1 kC:/ %日本要把福岛食材推上奥运餐桌 是不是憋着让大家都别来了，奖牌就都是自己的了。%过分了昂 @DOU+小助手；ÊÊFmLkFYUhKh8ÊÊ打汧Dou姻搜索  ,无,2021-04-24 16:06,Android,0,0,0,无
Kcoja2eP8,环球网,女,北京,1445,23538382,环球网:【台“驻日代表”为日本排放核污染水辩护引发争议，“蓝委”促其下周到立法机构备询】日本2年后将把福岛核电站核污染水排入大海，台“驻日代表”公开为其辩护引发蓝营强烈反弹。据台湾中时新闻网4月24日报道，台“立法院外交国防委员会”召委、国民党“立委”廖婉汝已排议程，邀请外事部门负责人、“驻日代表”、原能会主委等29日报告台日关系之发展与未来展望并备质询。因防疫考量，谢长廷恐来不及返台备询，对此，民众党团副总召高虹安称，不能因隔离影响答询责任，要求谢长廷必须用视讯接受答询。报道称，邻近国家和地区强烈表达反对日排放核污染水入海，谢长廷却反而帮日方讲话，被讥为是“助日代表”，“立法院外交国防委员会”29日排定邀请外事部门负责人、驻日代表、原能会主委等备询，不过，外事部门称，谢长廷返台，21天检疫、自主健康管理问题，恐来不及29日赴“立法院”备询。民众党团副总召高虹安表示，谢长廷理应为台湾民众发声，相较韩国强烈抗议，反观谢长廷脸书及对外媒体说明，却是站在日方立场，还表示台湾也有排放核废水，但“立法院”近期多次质询原能会、农委会，可以看出谢长廷对核废水排放专业不足，擅自在脸书发表意见，引发社会强烈反弹。对于谢长廷恐因防疫为由，赶不及29日返台赴“立法院”备询，高虹安认为，谢长廷有必要把疑虑厘清，强烈要求谢长廷不能因防疫措施，影响答询责任所在，若无法返台说明并备询，必须要用视讯方式接受答询，一次把问题厘清，对社会大众交代。谢长廷日前发文称“台湾3座核能发电厂的含氚废水也排入海”，不只国民党民代李德维质疑不该把福岛核污染水与台湾核能发电厂冷却废水相提并论，民进党民代吴思瑶也批谢长廷发文欠缺核能专业，用字遣词不精准。台能源部门主管谢晓星更称，“谢长廷不是核工专业，说得太过头了。”台湾民众党23日痛批，能源部门已澄清台湾是正常排放废水，日本核废水却是意外产生，无疑宣告谢长廷说法有误，难道颜色对了，造谣就可以被原谅吗？民众党团呼吁台外事部门召回谢长廷并赴台“立法院”备询，说明近日工作内容，并解释为何大陆、韩国、朝鲜、俄罗斯等都透过管道向日本表达强烈不满，台湾却仅“严正交涉”。 原图 ,无,2021-04-24 15:45,无,77,13,42,无
KcoiJFMZv,JR东日本列车运输情报,女,海外,5,659,JR东日本列车运输情报:日本铁路公司（JR东日本）的列车运营状况 2021/04/24 16:42:55 山形新干线Toreiyu Tsubasa的部分列车受奥羽本线（山形线）内人身事故的影响，新庄～福岛车站间的上行线发生延迟。车次：2号。 #山形新干线# http://t.cn/RqbqnVr  ,无,2021-04-24 15:44,新版微博 weibo.com,0,0,0,无
KcohZgfcY,美国侨报网,男,海外,765,735918,美国侨报网:【韩国联合中美洲8国再表态：对日本排核入海深表担忧】韩国22日联合中美洲8国再次表态，称对日本福岛核废水排海决定深表担忧。韩国外交部声明对核废水排海将带来的后果深表担忧，并强调国际社会应共同应对太平洋地区海洋污染的必要性。http://t.cn/A6clK36B  原图 ,无,2021-04-24 15:42,微博 weibo.com,5,2,1,无
KcodEpCbM,丁云朋Daren,男,山东,28,7,丁云朋Daren:#日本政府正式决定福岛核废水排海# 真讽刺，还有小日本标志性的道歉鞠躬。  [组图共3张] 原图 ,无,2021-04-24 15:31,荣耀Note10 大屏旗舰,1,0,0,无
Kco8x3b1a,维德志愿法律服务中心,男,广东,63,233,维德志愿法律服务中心:#日本政府正式决定福岛核废水排海# 日本正式决定将核废水排海了！这一决定引起轩然大波。这一方案为何引起各国不同的回应？该方案究竟是否对国际公共健康安全产生危害？该行为是否违反国际法、能否因此向日本政府追责？本文将对上述问题进行探讨。管管日本核废水吧？国际法：我太难了  ,无,2021-04-24 15:19,微博极速版,0,0,0,无
Kco3nkNHr,新华播报肖华,男,北京,427,1172004,新华播报肖华:【#日本当前处理技术无法确保核污水的安全#】日本政府近日决定将福岛第一核电站核污染水排入海中引发多方质疑，联合国三名人权专家也对日方相关决定深表遗憾。#联合国专家称福岛核污染水排海风险高# @央视网 央视网的微博视频  ,无,2021-04-24 15:06,日出东方Android,0,0,0,无
Kco2Qgf3o,荒秋田,男,福建,250,2349,荒秋田:如果有一天去海边都要担心有核污染那那片我喜欢的蓝也就只能在照片里说给孩子听了#摄影# #厦门约拍# #日本政府正式决定福岛核废水排海#  [组图共12张] 原图 ,无,2021-04-24 15:05,厦门约拍超话,20,0,10,无
Kco1Ke2A0,饕饕的B,男,广东,809,315,饕饕的B:#非正式会谈#专门跪舔日本鬼子的节目这不就是日本鬼子@竹内亮导演 么 名言：福岛就像武汉一样干干净净清清白白  原图 ,无,2021-04-24 15:02,无,0,0,0,无
Kco1J5oql,用户5574658569,女,山东,2549,120,用户5574658569:福岛  ,无,2021-04-24 15:02,Redmi 10X 4G版,0,0,0,无
Kco0CvXwx,中国环境,男,北京,652,989527,中国环境:#福岛核污水处置问题绝不是日本家务事# 4月23日我国外交部发言人赵立坚表示，日本福岛核污染水处置问题绝不是日本的“家务事”。那么，福岛核污水排海事件为何不是日本“家务事”？国际协商为何在其中扮演重要作用？ #日本# #日本政府基本决定将福岛核污水排入大海#  福岛核污水排海为何不是日本“家务事”？  ,无,2021-04-24 14:59,微博 weibo.com,2,9,2,无
Kco0zwrJe,湖南株洲花石乡野圃,男,湖南,99,530,湖南株洲花石乡野圃:http://t.cn/A6clS0H9 可以预测，日本的福岛，因核泄漏污染的废水，日本人会偷偷用船运到日本以西的公海倾倒入海，因海流因素，核泄漏的废水在南海到千岛群岛之间徘徊，短时间不会污染硫磺岛关岛海域。这可就是换取美国支持日本把核辐射的废水倒入海洋密约。南极上空的臭氧空洞与南极大陆的红雪，现在又加太平洋的核污染废水，要把地球生态圈干掉吗？。 原图 ,无,2021-04-24 14:59,百度App,0,0,0,无
Kco090m10,朝阳发布,男,吉林,165,2147,朝阳发布:【#日本当前处理技术无法确保核污水的安全#】日本政府近日决定将福岛第一核电站核污染水排入海中引发多方质疑，联合国三名人权专家也对日方相关决定深表遗憾。#联合国专家称福岛核污染水排海风险高# 央视网的微博视频  ,无,2021-04-24 14:58,微博视频号,0,0,0,无
KcnYgdLz5,种萝卜的菜园子,女,内蒙古,956,472,种萝卜的菜园子:喝了恒河水，你体内就有了化学元素周期表的前半部分。下半年吃了海鲜，你就拥有了化学元素周期表的后半部分。#日本政府正式决定福岛核废水排海#  ,无,2021-04-24 14:54,iPhone客户端,17,4,2,无
KcnYecYA7,哈喽nicheng2012来了,男,上海,1604,3209,哈喽nicheng2012来了:《东京奥运会要吃福岛食物？日本罕见表态，“拒绝参赛”响彻全球》东京奥运会要吃福岛食物？日本罕见表态，“拒绝参赛”响彻全球http://t.cn/A6clScm7  原图 ,无,2021-04-24 14:53,百度App,0,0,0,无
KcnY1cSMX,中国宣汉,男,四川,279,8084,中国宣汉:近日，日本决定将福岛核污染水排入大海一事引发众怒。　　4月20日，一名90后插画师创作的画《神奈氚冲浪裏》在网络走红！90后插画师作品疯传！Diss核污水入海，这些细节亮了！  原图 ,无,2021-04-24 14:53,iPhone客户端,1,0,0,无
KcnWzkQpD,哈喽nicheng2012来了,男,上海,1604,3209,哈喽nicheng2012来了:《东京奥运会要吃福岛食物？日本罕见表态，“拒绝参赛”响彻全球》众所周知，自从日本暴发新冠疫情以来，关于东京奥运会是否召开的话题一直是国内外媒体关注的焦点。东京奥组委将在本月末召开的东京奥运会五方会议上提出该建议。http://t.cn/A6clSwvs  原图 ,无,2021-04-24 14:49,百度App,0,0,0,无
KcnUdE1Ub,秋续说笑,男,其他,238,1955,秋续说笑:国际怎么看待#日本政府正式决定福岛核废水排海#   原图 ,无,2021-04-24 14:44,笑点很低超话,2,0,0,无
KcnSqCbGs,逆境成长的岁月,男,江苏,3912,937,逆境成长的岁月:2021赛季日职联（J1联赛）第十一轮鹿岛鹿角-神户胜利船比赛时间：2021年4月24日 16:00（北京时间）主裁判：福岛孝一郎第一助理：川崎秋仁第二助理：岩崎创一第四官员：五十岚泰之视频助理裁判：冈部拓人助理视频助理裁判：榎本一庆  ,无,2021-04-24 14:39,360安全浏览器,0,0,0,无
KcnOvCYrj,CGTN法语频道,男,北京,360,1126888,"CGTN法语频道:【赵立坚：核污水要是没有公害，日本为什么不自己留着？】针对#日本核污染水排海#一事，外交部发言人赵立坚4月23日说，日方必须诚恳面对国内外质疑和反对，不能再继续装聋作哑。“日本福岛核污染水处置问题绝不是日本的家务事，核污水要是没有公害，日本为什么不自己留着？”赵立坚在反问后强调，日本不应对全球海洋生态环境和各国人民的健康安全置之不理，不应将本该由自身承担的责任转嫁给全人类。 La Chine déclare que le Japon devrait prendre en considération les objections qu'il a reçues concernant le rejet des eaux polluées nucléaires dans la mer. Cette déclaration du porte-parole du ministère chinois des Affaires étrangères Zhao Lijian s'ajoute à une autre de la diplomatie chinoise, estimant que le Japon ne devrait pas placer son propre intérêt avant les intérêts des populations de la planète. 视频报道链接：http://t.cn/A6clXTIX 原图 ",无,2021-04-24 14:30,微博 weibo.com,4,0,0,无
KcnMu5hOV,深圳卫视_正午30分,女,广东,186,440982,深圳卫视_正午30分:#福岛核污染水处置绝非日本家务事#【日本福岛县知事要求菅义伟为核污染水排海担责】日本决定将核废水排入大海不仅引发周边国家的抗议，日本国内也是反对声不断，福岛县知事近日就要求菅义伟率先切实的担起责任。 深圳卫视_正午30分的微博视频  ,无,2021-04-24 14:25,微博视频号,0,0,0,无
KcnJ0pTlZ,纪录历史,男,北京,156,236365,纪录历史:纪录片《最后站着的医生》2011年三月日本福岛核电站发生泄漏后，附近城镇里的居民都被疏散，福岛县双叶郡广野町上的六家医院仅剩一家仍在营业，这家医院的病人平均年龄为84岁，81岁的医院院长高野秀夫是这里唯一的一名全职医生。#微博纪录片联盟# #纪录历史#  纪录历史的微博视频  ,无,2021-04-24 14:16,微博视频号,28,34,1,无
KcnC5zRkv,鹿島鹿角No12,男,香港,80,722,"鹿島鹿角No12:2021.04.24 J1第11场 神户战(H) GK：冲悠哉DF：常本佳吾, 犬饲智也, 町田浩树, 永户胜也MF：莱奥席尔瓦, 三竿健斗, 荒木辽太郎, 白崎凌兵FW：土居圣真, 上田绮世替补▼GK：权纯泰DF：关川郁万MF：远藤康, 永木亮太, 松村优太, 小泉庆FW：染野唯月裁判▼主裁：福岛孝一郎边裁：川崎秋仁、岩崎创一第四助理裁判：五十岚泰之VAR：冈部拓人AVAR：榎本一庆 [组图共4张] 原图 ",无,2021-04-24 13:59,无,2,0,3,无
KcnBEtdrM,鹰击长空81194,男,广东,780,691,鹰击长空81194:#日本政府正式决定福岛核废水排海##日本要把福岛食材推上奥运会餐桌#  原图 ,无,2021-04-24 13:58,荣耀 Play4T Pro,0,0,0,无
KcnAn1hOp,渣音Re,男,台湾,1014,15678,渣音Re:福岛的总结瓜，我真的要吐血了....错上加错，把核电站当儿戏在对待，上至政府下至民众，愚蠢至极，无法理解的脑回路  ,无,2021-04-24 13:55,微博 weibo.com,18,0,0,无
KcnyXuV55,Sham薄,男,山东,68,82,Sham薄:福岛的樱花晚上会发光吗？  ,无,2021-04-24 13:51,iPhone客户端,0,0,0,无
Kcnt3CnX9,织金检察资讯,男,贵州,1025,1686,织金检察资讯:#赵立坚提醒日本不能再装聋作哑#【赵立坚：#核污水要是没公害日本为什么不留着#】今天，外交部发言人赵立坚表示，日方须诚恳面对国内外的质疑和反对，不能再装聋作哑。日本福岛核污水处置绝不是日本的“家务事”。核污水要是没有公害，日本为什么不自己留着？环球资讯的微博视频  ,无,2021-04-24 13:37,微博视频号,0,0,0,无
Kcnqiy8Ka,小王今年好运来,女,其他,314,82,小王今年好运来:『日政府决定将福岛核污水排入大海』http://t.cn/A6clJCUp  ,无,2021-04-24 13:30,iPhone客户端,0,0,0,无
KcnoRokft,恋夏女孩辣辣妹,女,上海,230,118,恋夏女孩辣辣妹:#日本政府正式决定福岛核废水排海#坚决抵制！一开始觉得这个好像没什么大不了的，感觉离我很遥远，但忽然记起昨天做的梦，梦到我要出海，但我们的海洋都变成了黑色，还散发着油的光泽，我能看到变异后的海洋生物变得巨大且凶残，海面不再平静而像一个黑色的地狱。当时被吓醒，然后庆幸这是一场梦，但又联想到日本的行为，感觉好像这就是一个预言。 http://t.cn/RJ2IpDz 显示地图 ,http://t.cn/RJ2IpDz,2021-04-24 13:26,iPhone客户端,3,0,0,无
KcnmgisjQ,朝阳发布,男,吉林,165,2147,朝阳发布:【#英国网红博主怒讽西方双标#：中国太阳能板不好，日本核污水好，荒谬！】4月22日，英国网红博主、“靠谱中国”网站创建人Barrie VVeiss在接受香港大公文汇新闻采访时，谈到日本关于福岛核污水排放以及西方是如何污名化中国的。Barrie直言，美国就是建立在双重标准上的，这是最低级的虚伪。“中国的太阳能板，不好。日本的核污水，好！It's crazy!”http://t.cn/A6cOdHNC @海客新闻 ,无,2021-04-24 13:20,微博视频号,0,0,0,无
KcnjbExCY,十万个问题少女,女,湖南,315,2341,十万个问题少女:地震还引发了大规模的海啸，海啸不仅导致超过两万人死亡，海水还倒灌了福岛核电站！有趣的13，由于当时的福岛核电站采用的是相对古老的沸水堆技术，所以最后福岛核电站发生了熔堆事故。  原图 ,无,2021-04-24 13:12,育儿小智慧超话,0,0,0,无
Kcnhglhn6,忠勇之心,女,浙江,2319,3487,忠勇之心:对的，福岛核电站的泄漏事情，很多人都在说，但是真正了解事情经过以及严重程度的人不多，那么在说之前多了解一些内容吧，这个截图信息量很大，可以参考，看完之后还可以去看→_→核污水入海，对照苏联看日本人的素质和责任心  原图 ,无,2021-04-24 13:08,无,0,1,0,无
KcndZ2oAs,亳州公安在线,男,安徽,725,467057,亳州公安在线:【外交部：#福岛核污染水处置绝非日本家务事#】#赵立坚问核污水没害日本为何不留着#赵立坚强调，日本福岛核污染水处置问题绝不是日本的“家务事”。核污水要是没有公害，日本为什么不自己留着？日本不应对全球海洋生态环境和各国人民的健康安全置之不理，不应将该由自身承担的责任转嫁给全人类。如果日方执意将自身私利凌驾于国际公共利益之上，执意要迈出危险的第一步，日本国内民众不会答应，周边国家不会答应，国际社会也不会答应。日本政府也必将为自己不负责任的行为付出代价，留下历史污点。@人民视频 http://t.cn/A6cWUQsh ,无,2021-04-24 13:00,微博视频号,0,0,0,无
KcndxABZO,扛鉴,男,湖北,1699,697,扛鉴:【央视梳理日本核污染水事件始末】这场“核”水之患，始于2011年3月11日的日本9.0级特大地震，地震造成福岛第一核电站灾难性核泄漏，严重程度和“切尔诺贝利”是同一级别。经10年积累，核污染水量已达至少125万吨。若排放，57天可废掉半个太平洋，10年就蔓延全球海域…央视新闻的微博视频  ,无,2021-04-24 12:58,Android,1,0,0,无
Kcnb6AOV6,老艾观察,男,北京,1501,1349912,老艾观察:在日本决定将福岛核废水排放入海之后，“环保少女”桑伯格却不肯表露自己的态度，只是单纯在社交媒体上转发媒体的有关报道。 美国议员&quot;当场石化&quot;  ,无,2021-04-24 12:52,无,11,1,3,无
Kcnap5hfK,_不牵手,女,北京,243,154,_不牵手:#如何看待日本福岛核废水排海##海洋那么美拒绝核废水# 愚蠢的人类  原图 ,无,2021-04-24 12:51,iPhone客户端,0,0,0,无
Kcn8Y8FYu,龙在天涯8333,男,贵州,3343,147205,龙在天涯8333:日媒还报道称，东京奥运会和残奥会组委会19日已经宣布，此前公开征集的运动员村餐厅提供的“大家的食物计划”餐单已经确定。餐品包括产自福岛县等受东日本大地震影响地区的食材，以及各地特色菜。在东京奥运会和残奥会的运动员村，餐厅将24小时开放，每天将提供5万份饭菜。据悉，就在此消息传出后，引起了全球网友的强烈反对，不少网友甚至呼吁本国运动员“拒绝参赛”。《东京奥运会要吃福岛食物？日本罕见表态，“拒绝参赛”响彻全球》众所周知，自从日本暴发新冠疫情以来，关于东京奥运会是否召开的话题一直是国内外媒体关注的焦点。东京奥组委将在本月末召开的东京奥运会五方会议上提出该建议。http://t.cn/A6clM48j 原图 ,无,2021-04-24 12:47,百度App,1,0,0,无
Kcn8swy7k,怪盗配音,男,江西,125,31953,怪盗配音:敢排放核废水？想创造哥斯拉吗？#日本政府正式决定福岛核废水排海# #日本副首相称喝处理核废水没事# #搞笑神配音#  怪盗配音的微博视频  ,无,2021-04-24 12:46,微博视频号,7,2,0,无
Kcn7Zgkfd,言之迩迩,女,浙江,354,317,言之迩迩:啊，动漫满是情怀，现实却总做些相悖的事#日本政府正式决定福岛核废水排海#  [组图共3张] 原图 ,无,2021-04-24 12:45,iPhone客户端,8,0,1,无
Kcn3JsdQt,路路迷路路,女,广东,172,227724,路路迷路路:大雄：老板你这鱼不会是福岛产的吧?#配音# #搞笑配音# #福岛# #哆啦a梦#  路路迷路路的微博视频  ,无,2021-04-24 12:34,微博视频号,54,3,11,无
KcmT5ijDq,C科技,男,北京,3543,2346167,C科技:2011年福岛核事故的真相——看完发现日本是世界上最不负责的国家，为了省钱啥事都做的出！竟然有人相信日本核废水是合格的！  原图 ,无,2021-04-24 12:08,拼多多买的iPhone 12 Pro Max,210,60,123,无
KcmSu5B30,织金检察资讯,男,贵州,1025,1686,织金检察资讯:#赵立坚提醒日本不能再装聋作哑#【赵立坚：#核污水要是没公害日本为什么不留着#】今天，外交部发言人赵立坚表示，日方须诚恳面对国内外的质疑和反对，不能再装聋作哑。日本福岛核污水处置绝不是日本的“家务事”。核污水要是没有公害，日本为什么不自己留着？环球资讯的微博视频  ,无,2021-04-24 12:07,微博视频号,0,0,0,无
KcmPYn7pp,cc_Gracie,女,其他,1481,302,cc_Gracie:孩子畸形，变异动物满街爬...10年前经历核泄漏的福岛，现在究竟有多恐怖？孩子畸形，变异动物满街爬...10年前经历核泄漏的福岛，现在究竟有多恐怖？  ,无,2021-04-24 12:00,iPhone客户端,0,0,0,无
KcmPv6UQa,海峡之声,男,福建,544,2038740,海峡之声:【“驻日代表”一味“助日”，意欲何为？】近期，日本决定向海洋排放福岛核废水引发国际舆论强烈批评。民进党却反其道而行之，不谴责还帮腔。让人悲愤的是，“驻日代表”谢长廷竟然为政治私利置岛内民生福祉于不顾，直接跳出来为日本的做法辩护，甚至直接引用日方说法，称经过处理的核废水稀释后都可以喝了，排入海里当然没有问题。谢长廷的媚日丑态引发岛内外舆论猛烈批评，唾骂他“领着台湾人民的俸禄，却心心念念袒护日本”“作践台湾，丧尽尊严底线”。先看看谢长廷是怎么为日开脱的：中韩也排核废水，这样做并没有发现对环境有不良影响；台湾现在也排核废水，所以去抗议日本很难义正言辞；真要反对日本排放核废水，那么台湾应该先实现“非核家园”再说；两年后日本核废水排放时危害程度如何尚未可知，所以还是不着急抗议比较好。且不管谢的言论是否站得住脚，从专业的角度来看，核废水排放入海可谓是百害而无一利。日本计划排放的核污水中含有氚、碳-14，锶-90等有害物质，有些物质不仅会导致白血病，还会致使人类基因受损，造成数千年的影响。而且，排放核污水造成的影响是全球性的，在10年之后，全球的海域都可能会受到污染，台湾亦在其中。面对如此严重的危害，谢长廷竟然还一味为日本开脱，丝毫没有意识到问题的严重性，将全人类的安全当成儿戏。http://t.cn/A6clVKla 原图 ,无,2021-04-24 11:59,HUAWEI Mate 40 Pro,1,0,1,无
KcmLRlrOj,LDMQ20200329,女,其他,203,63,LDMQ20200329:@青羊共青团 #如何看待日本福岛核废水排海# LDMQ20200329的微博视频  ,无,2021-04-24 11:50,iPhone客户端,0,1,1,无
KcmKRxFI6,有趣的灵魂200j,女,上海,555,1059,有趣的灵魂200j:一瓶恒河水和一瓶福岛核电站废水，当你快渴死时，你会喝哪个？  ,无,2021-04-24 11:48,HUAWEI Mate 40 Pro,1,0,0,无
KcmKPeb8T,爱笑爱哭的梅子,女,广东,2015,499,"爱笑爱哭的梅子:Day703Is Japan crazy or crazy like a fox? If the Fukushima radioactive water is so clean that it can be put out to sea, why not just pour it into a big hole and make it a lake? They should keep it. The world isn’t Japan’s sewer. 日本是疯了还是狡猾? 如果福岛的核污水如此干净以至于可以排入大海的话，那为什么不把它倒入一个大坑造一个湖呢？日本应该留着这些水，世界不是他们的下水道。重点词汇crazy like a fox   狡猾radioactive water  核污水pour /pɔːr/ v.倾倒sewer /ˈsuː.ɚ/ n.下水道 http://t.cn/R2Wxny6 显示地图 ",http://t.cn/R2Wxny6,2021-04-24 11:48,iPhone客户端,0,0,0,无
KcmGTslfZ,你认错人了喔,男,其他,100,4,你认错人了喔:#日本政府正式决定福岛核废水排海#狗日的！  ,无,2021-04-24 11:38,iPhone客户端,0,0,0,无
KcmEQCYaG,民乐检察,男,甘肃,1036,5068,民乐检察:#赵立坚提醒日本不能再装聋作哑#【赵立坚：#核污水要是没公害日本为什么不留着#】今天，外交部发言人赵立坚表示，日方须诚恳面对国内外的质疑和反对，不能再装聋作哑。日本福岛核污水处置绝不是日本的“家务事”。核污水要是没有公害，日本为什么不自己留着？环球资讯的微博视频  ,无,2021-04-24 11:33,微博视频号,3,0,2,无
KcmE54L9e,水丽净水器,男,上海,1870,17209,水丽净水器:【#反渗透技术与核废水处理#案例六：#中国在反渗透过滤核污染领域的研究#】随着反渗透技术的成熟和在放射性废水领域中的广泛与深入研究，我国有关反渗透技术处理放射性废水的研究也逐步开展。在利用反渗透处理模拟-回路废水的研究中发现，废水中含有的硼酸、Ca2+和Na+会降低反渗透对钴的截留率。硼酸质量浓度由2500mg·L-1下降到500mg·L-1时，去除率由79.3%上升到88.8%。此外，在反渗透处理含钚模拟废水的研究中也得到了很好的处理效果(熊忠华等，2008)。在废水pH=10时，去污效率达到99.94%，体积减容倍数达到12.5。清华大学核能与新能源技术研究院采用两级反渗透结合离子交换工艺，处理该院反应堆产生的实际#放射性废水# 。长期运行结果表明，两级反渗透工艺对放射性核素的总去除效率大于99.9%。延伸，通过以上案例不难看出，RO反渗透技术，是应对核废水污染，有效处理核污水的重要手段和技术支持，在各国已经成为共识。而家用#反渗透净水机# ，其核心滤芯也依然采取的是醋酸纤维素（CA）和芳香聚酰胺两大类膜材料的反渗透膜，然后再辅助活性炭滤芯、超滤膜滤芯、聚丙烯PP棉熔喷滤芯来实现高效、长寿命的应对各类水污染，确保用户“入口”端的#饮水安全# 。反渗透膜是一种模拟生物半透膜制成的具有一定特性的人工半透膜，是家用反渗透#净水器#的核心原件。#福岛核污染水处置绝非日本家务事#、#反渗透技术与核污水处理# [组图共3张] 原图 ,无,2021-04-24 11:31,微博 weibo.com,3,2,2,无
KcmCS2AMZ,河南理工大学,男,河南,478,128613,河南理工大学:#理工微评# 日本黑鲉鱼放射物超标，排污引发众怒近日，因福岛县海域的黑鲉鱼被检出放射性物质超标，再引发舆论关注。仅一周前，日本才决定将把处理后的福岛核污水排入海中，引发舆论愤怒。但人类的措施还未实施，大自然的报复已先行一步。眼下，日本不顾国内外质疑和反对，独行其是，在美国的纵容下推进排污计划。这种做法极其不负责任，将严重损害国际公共健康安全和周边国家人民的切身利益。海洋是人类共同的财富，需要全体地球公民共同呵护，如果不善待大自然，大自然必将以相应的方式，给出回应。 原图 ,无,2021-04-24 11:28,河南理工大学超话,5,1,1,无
KcmAxhf6U,一个搞搞神,男,重庆,128,75317,一个搞搞神:福岛第一核电站内存有放射性废弃物的集装箱可能已发生泄漏  一个搞搞神的微博视频  ,无,2021-04-24 11:22,微博视频号,1,0,1,无
KcmAx0Jn4,目标日博,女,山东,155,129,目标日博:#罗小黑战记# 更新了，居然不知道为啥，看到这片绿色时，第一时间想起来的是最近#日本政府正式决定福岛核废水排海# 这个话题，我们的地球会变成怎样呢？如果我真的在一个游戏世界，之后会不会触发末日模式呢？哎，干活去，就算世界末日也拦不住赚钱买面包啊  [组图共2张] 原图 ,无,2021-04-24 11:22,nova7Pro你在焦点在,4,0,1,无
KcmAcyV7e,湖北生态环境,男,湖北,118,96934,湖北生态环境:【#日本核污染水与正常排水为何不同#】#日本核污水和正常排水有本质不同# 生态环境部（国家核安全局）相关负责人表示，日本福岛核事故处理后污水和核电厂正常运行液态流出物有本质区别。①来源不同②放射性核素种类不同③处理难度不同。福岛核事故污水来自于事故后注入熔融损毁堆芯的冷却水以及渗入反应堆的地下水和雨水，包含熔融堆芯中存在的各种放射性核素，处理难度大。相比之下，核电厂正常运行产生的废水主要来源于工艺排水、地面排水等，含有少量裂变核素，严格遵守国际通行标准，采用最佳可行技术处理、经严格监测达标后有组织排放，排放量远低于规定的控制值。（图片为资料图） 原图 ,无,2021-04-24 11:22,微博 weibo.com,0,0,0,无
Kcmzol0m6,司寇岁辰,男,新疆,374,10196,司寇岁辰:#日本政府第三次发布紧急事态宣言#没事没事，日本全国上下把核废水喝了就好了，一杯不行再来一杯，还不行就入住福岛发电站，直接送走，哪需要隔离治疗花钱遭罪啊，奥利给。  ,无,2021-04-24 11:20,Android,0,0,0,无
KcmwwcnBj,网信让胡路,男,黑龙江,1288,1340,网信让胡路:#福岛核污染水处置问题绝不是日本家务事# 针对日本核污染水排海一事，中国外交部发言人赵立坚23日在例行记者会上指出，这绝不是日本的“家务事”。他强调，日方必须诚恳面对国内外质疑和反对，不能再继续装聋作哑。  原图 ,无,2021-04-24 11:12,无,1,0,0,无
KcmuQnHhM,詝爚lauJM,女,其他,183,83,詝爚lauJM:#美国支持日本福岛污水入海决定# 看这个时间线的话，很有可能啊  [组图共3张] 原图 ,无,2021-04-24 11:08,nova 5z,0,0,0,无
KcmrkoQ0a,发财赶不上趟,女,其他,318,45,发财赶不上趟:#日本政府正式决定福岛核废水排海# 真的蛮讽刺的  [组图共4张] 原图 ,无,2021-04-24 11:00,iPhone客户端,1,0,1,无
Kcmr5isDJ,车专发分母绫人,男,浙江,274,59,车专发分母绫人:#日本政府正式决定福岛核废水排海# 神奈氚冲浪，真™应景  ,无,2021-04-24 10:59,三星GALAXY A,0,0,0,无
KcmnFqlq3,初梵萦,女,湖南,202,314,初梵萦:#日本政府正式决定福岛核废水排海# 以后也不会有人敢去海里（海边）玩了吧  ,无,2021-04-24 10:51,前置双摄vivo X9s,0,0,0,无
KcmlqcwqA,指点江山8883,男,河南,868,801,指点江山8883:外交部：福岛核污染水处置问题绝不是日本家务事 http://t.cn/A6cWcTL6  原图 ,无,2021-04-24 10:45,学习强国客户端,0,0,0,无
KcmivphqD,杨文凯-中文导报日本,男,海外,757,12180,杨文凯-中文导报日本:《中文导报》1332期 版样精选 2021.4.22要目：日美声明罕见涉台引中方反制；洲际酒店组合落户安比高原；全球新冠死亡人士超300万；东京奥运会倒数百日：赛事与防疫并进；福岛核处理水将排放入海引争议；日本政府讨论“周休三日制”附：福岛排水入海、江歌生命权纠纷案、侨乡广东、在日中医人等专版  [组图共9张] 原图 ,无,2021-04-24 10:38,iPhone,0,0,1,无
Kcmg3eETX,凤凰私享会,男,北京,694,151386,凤凰私享会:【#又又切克闹#2丨日本福岛核污水排海，美国各界到底怎么看？】日本政府决定将福岛核废水排海，此举不仅引发日本国民的不满和质疑，美国民众也都纷纷表示反对：我们国家刚刚感谢了日本把核污水倒入海里吗？ 天哪，当美国人太丢人了！@凤凰王又又 #美国民众称支持日本核污水入海太丢人##V光计划# http://t.cn/A6cWMfZ2  ,无,2021-04-24 10:32,微博视频号,1,0,0,无
KcmdUuEOc,小林没有龙女仆丶,女,海外,208,2729,小林没有龙女仆丶:笑死，咒术回战拍摄地福岛  ,无,2021-04-24 10:27,三星S20 5G,1,0,0,无
Kcmd5nvWD,白银区检察院,男,甘肃,1629,6758,白银区检察院:#赵立坚提醒日本不能再装聋作哑#【赵立坚：#核污水要是没公害日本为什么不留着#】23日，外交部发言人赵立坚表示，日方须诚恳面对国内外的质疑和反对，不能再装聋作哑。日本福岛核污水处置绝不是日本的“家务事”。核污水要是没有公害，日本为什么不自己留着？（环球资讯）环球资讯的微博视频  ,无,2021-04-24 10:25,微博视频号,0,0,2,无
Kcm9GpHAi,沧县法院,男,其他,1147,2563,沧县法院:外交部：福岛核污染水处置问题绝不是日本家务事 http://t.cn/A6cWcTL6  原图 ,无,2021-04-24 10:16,学习强国客户端,0,0,0,无
Kcm9fxnvm,西湖检察,男,浙江,352,4750,西湖检察:【外交部：福岛核污水处置问题绝不是日本家务事 】针对有学者指出“作为受到日本核事故污水影响首当其冲的周边国家，中韩等国完全有权利向日方索赔”，外交部发言人赵立坚4月23日说，日方必须诚恳面对国内外这些质疑和反对，不能再继续装聋作哑。“日本福岛核污染水处置问题绝不是日本的家务事，核污水要是没有公害，日本为什么不自己留着？”（新华社） ,无,2021-04-24 10:15,iPhone客户端,0,0,0,无
Kcm7RwZUK,经济学人考研精读,女,山东,7,708,经济学人考研精读:背景知识：日本福岛核废水入海一事仍在持续发酵。新京报记者采访多位核电领域专家学者，对上述事件进行评价。部分专家指出，与正常运行的核电站所产生的废水相比，福岛核电站事故产生的核废水在产生方式和所含物质方面均有不同，更需要妥善处置。另外，对此事件，需要引入第三方监测机制。#考研英语[超话]##考研英语##经济学人##考研[超话]##考研# [组图共3张] 原图 ,无,2021-04-24 10:12,iPhone客户端,4,1,0,无
Kcm5jckJ8,CAS李志勇,男,北京,2685,6033,CAS李志勇:#日本政府第三次发布紧急事态宣言#还有不到三个月就要开幕了，就这样还要办奥运会，还要把福岛的食品送上奥运会餐桌，还要往大海里倾倒核废料，看来日本这是要把“”地缘核弹”做到底呀。  ,无,2021-04-24 10:05,HUAWEI Mate 40 Pro,8,0,0,无
Kcm4rnfCK,温柔雄雄,男,湖北,295,367,温柔雄雄:外交部：福岛核污染水处置问题绝不是日本家务事 http://t.cn/A6cWthGL  原图 ,无,2021-04-24 10:03,学习强国客户端,0,0,0,无
Kcm1BgvAb,最喜欢火锅麻辣烫,女,江西,149,489,最喜欢火锅麻辣烫:#薛之谦[超话]#美利坚，我只想看看你怎么圆。#美国支持日本福岛污水入海决定##日本政府正式决定福岛核废水排海#  [组图共6张] 原图 ,无,2021-04-24 09:56,薛之谦超话,9,0,0,无
Kcm15oZm6,锐科_1,男,广东,532,7434,锐科_1:福岛核电站是日本对世界人民犯下的又一笔罪行！！！  原图 ,无,2021-04-24 09:55,HUAWEI Mate 40 Pro,1,0,0,无
KclYx11yZ,内蒙古反邪教,男,内蒙古,2230,562433,内蒙古反邪教:【承认了！日本东电：#福岛核废物集装箱或已泄漏 # 路面发现辐射性物质】4月23日，据日本《朝日新闻》报道，日本东京电力公司发布消息称，福岛第一核电站内存有放射性废弃物的集装箱可能发生泄漏。3月，东电工作人员曾在集装箱存放区域发现辐射量较大的凝胶状物体。东电怀疑集装箱因生锈而腐蚀，导致其中液体流出。 http://t.cn/A6clUS2R ,无,2021-04-24 09:49,微博视频号,10,9,9,无
KclYfyJz3,-奇思妙想喜羊羊,女,海外,234,236,-奇思妙想喜羊羊:福岛核废水排放后 物种变异 长出五个jio的鸡那么……无骨鸡jio会不会便宜点  ,无,2021-04-24 09:48,iPhone客户端,2,0,2,无
KclXicn9Y,青蜂侠Bee,男,北京,849,3190936,青蜂侠Bee:【承认了！日本东电：#福岛核废物集装箱或已泄漏 # 路面发现辐射性物质】4月23日，据日本《朝日新闻》报道，日本东京电力公司发布消息称，福岛第一核电站内存有放射性废弃物的集装箱可能发生泄漏。3月，东电工作人员曾在集装箱存放区域发现辐射量较大的凝胶状物体。东电怀疑集装箱因生锈而腐蚀，导致其中液体流出。 http://t.cn/A6clUS2R ,无,2021-04-24 09:46,iPhone客户端,19,10,6,无
KclV6v40Z,股市黄金龙,男,广东,12751,502106,股市黄金龙:【外交部：#福岛核污染水处置绝非日本家务事#】#赵立坚问核污水没害日本为何不留着#赵立坚强调，日本福岛核污染水处置问题绝不是日本的“家务事”。核污水要是没有公害，日本为什么不自己留着？日本不应对全球海洋生态环境和各国人民的健康安全置之不理，不应将该由自身承担的责任转嫁给全人类。如果日方执意将自身私利凌驾于国际公共利益之上，执意要迈出危险的第一步，日本国内民众不会答应，周边国家不会答应，国际社会也不会答应。日本政府也必将为自己不负责任的行为付出代价，留下历史污点。http://t.cn/A6cWUQsh ,无,2021-04-24 09:40,微博视频号,286,0,569,无
KclUyymm9,西溪蜜语,女,山东,5030,571,西溪蜜语:汪文斌：日方不应该打着伪科学旗号混淆视听 #日本将福岛核废水排入太平洋 ##快手# @快手 人民日报国际的快手视频  ,无,2021-04-24 09:39,微博视频号,0,0,0,无
KclUgwS1W,湖山泛舟,男,云南,5003,909,湖山泛舟:调侃在碳排放世界气候政要视频大会召开之际，山姆大叔搞打日本小弟，逼其大幅提高碳排放指标：这是白宫新主拜登做的最得世人点赞的大事！望拜登再接再厉，继续搞打菅义伟迫使其政府放弃两年之后，向太平洋排放福島核电站核污染废水的疯狂举动。为太平洋的环保再做一件好事，为民主党中期总统竞选造势  ,无,2021-04-24 09:38,华为平板M3 听见震撼,0,2,0,无
KclSCz3JA,金丝狸猫京剧乐园,男,其他,2016,24949,金丝狸猫京剧乐园:东电称，福岛放射性废弃物集装箱或已发生泄漏。福岛县知事要求菅义伟为核污水排海担负责任 ##快手# @快手 广东新闻频道的快手视频  ,无,2021-04-24 09:34,微博视频号,0,0,0,无
KclSafnWT,都昌县融媒体中心,女,江西,105,5567,都昌县融媒体中心:#赵立坚提醒日本不能再装聋作哑#【赵立坚：#核污水要是没公害日本为什么不留着#】23日，外交部发言人赵立坚表示，日方须诚恳面对国内外的质疑和反对，不能再装聋作哑。日本福岛核污水处置绝不是日本的“家务事”。核污水要是没有公害，日本为什么不自己留着？（环球资讯）环球资讯的微博视频  ,无,2021-04-24 09:33,微博视频号,1,0,0,无
KclQfoIZP,南丰发布,男,江西,163,4464,南丰发布:【外交部：#福岛核污染水处置绝非日本家务事#】#赵立坚问核污水没害日本为何不留着#赵立坚强调，日本福岛核污染水处置问题绝不是日本的“家务事”。核污水要是没有公害，日本为什么不自己留着？日本不应对全球海洋生态环境和各国人民的健康安全置之不理，不应将该由自身承担的责任转嫁给全人类。如果日方执意将自身私利凌驾于国际公共利益之上，执意要迈出危险的第一步，日本国内民众不会答应，周边国家不会答应，国际社会也不会答应。日本政府也必将为自己不负责任的行为付出代价，留下历史污点。@人民视频 http://t.cn/A6cWUQsh ,无,2021-04-24 09:28,微博视频号,1,1,0,无
KclOajaLN,跃亮AAAA,男,辽宁,5074,984,跃亮AAAA:外交部：福岛核污染水处置问题绝不是日本家务事_新闻频道_央视网(cctv.com) 外交部：福岛核污染水处置问题绝不是日本家务事  ,无,2021-04-24 09:23,荣耀9 美得有声有色,0,0,0,无
KclEzssQm,阿汤哥我,男,广东,397,15625,阿汤哥我:#福岛核废物集装箱或已泄露#在我看来，核废料排放早已成定局。当事人意已决，且核废料在人家手里，人家随便找个月黑风高的夜晚排了，我们又能如何？想去海边的早点去，想吃海鲜的赶紧吃……想做什么赶紧做。再过个几十年，大家一起做变种人，拥抱类人新种称霸地球的新纪元，不亦乐乎？  ,无,2021-04-24 09:00,iPhone X,0,1,0,无
KclE98tgH,KaiXin顺其自然,女,广东,3752,3508,KaiXin顺其自然:#牛博[超话]#东京电力。福岛放射性废弃物集装箱或已发生泄露。 KaiXin顺其自然的微博视频  ,无,2021-04-24 08:59,牛博超话,14,0,3,无
KclAUv4jA,唐山中公教育,男,河北,351,4801,唐山中公教育:#新闻播报# #公务员考试# 2021年4月24日时政新闻播报（农历三月十三，星期六）http://t.cn/A6cl2vtJ内容节选：23日，空间站天和核心舱与长征五号B遥二运载火箭组合体转运至发射区，后续将按计划开展发射前的各项功能检查、联合测试等工作。外交部23日表示，日本福岛核污染和污染水处置问题绝不是日本的家务事，日方必须诚恳面对国内外质疑和反对。上海一厂房22日发生火灾，致2名消防救援人员牺牲，6名企业相关人员遇难。应急管理部要求当地提级调查。…… ,无,2021-04-24 08:51,微博 weibo.com,0,0,0,无
KclA9zmnG,白日走川,女,福建,651,33,白日走川:#福岛核废水57天可废掉半个太平洋#日本美国真的太贱了我可以自己死但是我不想得癌死cnm  ,无,2021-04-24 08:49,红米Redmi,1,0,0,无
